plot_code,cwd_transect_num,measurement_num,year,month,day,sub_transect_start_point,sub_transect_end_point,size_class,decay_class,volumn_cm3,volumn_soaked24hr_cm3,diameter_top_1_cm,diameter_top_2_cm,diameter_bottom_1_cm,diameter_bottom_2_cm,length_cm,fresh_weight_sampled_g,dry_weight_sampled_g
XXX-04,,,,,,,,,,,,,,,,,,0
XXX-04,,,,,,,,,,,,,,,,,,0
XXX-04,,,,,,,,,,,,,,,,,,0
XXX-04,,,,,,,,,,,,,,,,,,0
XXX-04,,,,,,,,,,,,,,,,,,0
XXX-04,,,,,,,,,,,,,,,,,,0
XXX-04,,,,,,,,,,,,,,,,,,0
XXX-04,,,,,,,,,,,,,,,,,,0
XXX-04,,,,,,,,,,,,,,,,,,52.9
XXX-04,,,,,,,,,,,,,,,,,,64.3
XXX-04,,,,,,,,,,,,,,,,,,0
XXX-04,,,,,,,,,,,,,,,,,,0
XXX-04,,,,,,,,,,,,,,,,,,0
XXX-04,,,,,,,,,,,,,,,,,,0
XXX-04,,,,,,,,,,,,,,,,,,104.9
XXX-04,,,,,,,,,,,,,,,,,,0
XXX-04,,,,,,,,,,,,,,,,,,0
XXX-04,,,,,,,,,,,,,,,,,,0
XXX-04,,,,,,,,,,,,,,,,,,67.9
XXX-04,,,,,,,,,,,,,,,,,,0
XXX-04,,,,,,,,,,,,,,,,,,0
XXX-04,,,,,,,,,,,,,,,,,,0
XXX-04,,,,,,,,,,,,,,,,,,0
XXX-04,,,,,,,,,,,,,,,,,,0
XXX-04,,,,,,,,,,,,,,,,,,0
XXX-04,,,,,,,,,,,,,,,,,,0
XXX-04,,,,,,,,,,,,,,,,,,0
XXX-04,,,,,,,,,,,,,,,,,,0
XXX-04,,,,,,,,,,,,,,,,,,0
XXX-04,,,,,,,,,,,,,,,,,,0
XXX-04,,,,,,,,,,,,,,,,,,0
XXX-04,,,,,,,,,,,,,,,,,,0
XXX-04,,,,,,,,,,,,,,,,,,0
XXX-04,,,,,,,,,,,,,,,,,,42.9
XXX-04,,,,,,,,,,,,,,,,,,0
XXX-04,,,,,,,,,,,,,,,,,,0
XXX-04,,,,,,,,,,,,,,,,,,0
XXX-04,,,,,,,,,,,,,,,,,,0
XXX-04,,,,,,,,,,,,,,,,,,113.1
XXX-04,,,,,,,,,,,,,,,,,,73.9
XXX-04,,,,,,,,,,,,,,,,,,0
XXX-04,,,,,,,,,,,,,,,,,,0
XXX-04,,,,,,,,,,,,,,,,,,0
XXX-04,,,,,,,,,,,,,,,,,,68.9
XXX-04,,,,,,,,,,,,,,,,,,38.9
XXX-04,,,,,,,,,,,,,,,,,,0
XXX-04,,,,,,,,,,,,,,,,,,0
XXX-04,,,,,,,,,,,,,,,,,,0
XXX-04,,,,,,,,,,,,,,,,,,54.7
XXX-04,,,,,,,,,,,,,,,,,,0
XXX-04,,,,,,,,,,,,,,,,,,0
XXX-04,,,,,,,,,,,,,,,,,,0
XXX-04,,,,,,,,,,,,,,,,,,0
XXX-04,,,,,,,,,,,,,,,,,,0
XXX-04,,,,,,,,,,,,,,,,,,0
XXX-04,,,,,,,,,,,,,,,,,,0
XXX-04,,,,,,,,,,,,,,,,,,0
XXX-04,,,,,,,,,,,,,,,,,,0
XXX-04,,,,,,,,,,,,,,,,,,47.2
XXX-04,,,,,,,,,,,,,,,,,,0
XXX-04,,,,,,,,,,,,,,,,,,0
XXX-04,,,,,,,,,,,,,,,,,,0
XXX-04,,,,,,,,,,,,,,,,,,0
XXX-04,,,,,,,,,,,,,,,,,,58.9
XXX-04,,,,,,,,,,,,,,,,,,60.2
XXX-04,,,,,,,,,,,,,,,,,,0
XXX-04,,,,,,,,,,,,,,,,,,0
XXX-04,,,,,,,,,,,,,,,,,,0
XXX-04,,,,,,,,,,,,,,,,,,41.7
XXX-04,,,,,,,,,,,,,,,,,,39.5
XXX-04,,,,,,,,,,,,,,,,,,0
XXX-04,,,,,,,,,,,,,,,,,,0
XXX-04,,,,,,,,,,,,,,,,,,0
XXX-04,,,,,,,,,,,,,,,,,,97.9
XXX-04,,,,,,,,,,,,,,,,,,59.7
XXX-04,,,,,,,,,,,,,,,,,,0
XXX-04,,,,,,,,,,,,,,,,,,0
XXX-04,,,,,,,,,,,,,,,,,,0
XXX-04,,,,,,,,,,,,,,,,,,37.9
XXX-04,,,,,,,,,,,,,,,,,,0
XXX-04,,,,,,,,,,,,,,,,,,0
XXX-04,,,,,,,,,,,,,,,,,,0
XXX-04,,,,,,,,,,,,,,,,,,0
XXX-04,,,,,,,,,,,,,,,,,,0
XXX-04,,,,,,,,,,,,,,,,,,0
XXX-04,,,,,,,,,,,,,,,,,,0
XXX-04,,,,,,,,,,,,,,,,,,0
XXX-04,,,,,,,,,,,,,,,,,,0
XXX-04,,,,,,,,,,,,,,,,,,198.6
XXX-04,,,,,,,,,,,,,,,,,,0
XXX-04,,,,,,,,,,,,,,,,,,0
XXX-04,,,,,,,,,,,,,,,,,,0
XXX-04,,,,,,,,,,,,,,,,,,0
XXX-04,,,,,,,,,,,,,,,,,,21.4
XXX-04,,,,,,,,,,,,,,,,,,0
XXX-04,,,,,,,,,,,,,,,,,,0
XXX-04,,,,,,,,,,,,,,,,,,0
XXX-04,,,,,,,,,,,,,,,,,,0
XXX-04,,,,,,,,,,,,,,,,,,0
XXX-04,,,,,,,,,,,,,,,,,,0
XXX-04,,,,,,,,,,,,,,,,,,0
XXX-04,,,,,,,,,,,,,,,,,,0
XXX-04,,,,,,,,,,,,,,,,,,0
XXX-04,,,,,,,,,,,,,,,,,,198.2
XXX-04,,,,,,,,,,,,,,,,,,0
XXX-04,,,,,,,,,,,,,,,,,,0
XXX-04,,,,,,,,,,,,,,,,,,0
XXX-04,,,,,,,,,,,,,,,,,,47.1
XXX-04,,,,,,,,,,,,,,,,,,73.6
XXX-04,,,,,,,,,,,,,,,,,,0
XXX-04,,,,,,,,,,,,,,,,,,0
XXX-04,,,,,,,,,,,,,,,,,,0
XXX-04,,,,,,,,,,,,,,,,,,0
XXX-04,,,,,,,,,,,,,,,,,,0
XXX-04,,,,,,,,,,,,,,,,,,0
XXX-04,,,,,,,,,,,,,,,,,,0
XXX-04,,,,,,,,,,,,,,,,,,0
XXX-04,,,,,,,,,,,,,,,,,,0
XXX-04,,,,,,,,,,,,,,,,,,52.3
XXX-04,,,,,,,,,,,,,,,,,,0
XXX-04,,,,,,,,,,,,,,,,,,0
XXX-04,,,,,,,,,,,,,,,,,,0
XXX-04,,,,,,,,,,,,,,,,,,0
XXX-04,,,,,,,,,,,,,,,,,,147.2
XXX-04,,,,,,,,,,,,,,,,,,0
XXX-04,,,,,,,,,,,,,,,,,,0
XXX-04,,,,,,,,,,,,,,,,,,0
XXX-04,,,,,,,,,,,,,,,,,,0
XXX-04,,,,,,,,,,,,,,,,,,0
XXX-04,,,,,,,,,,,,,,,,,,0
XXX-04,,,,,,,,,,,,,,,,,,0
XXX-04,,,,,,,,,,,,,,,,,,0
XXX-04,,,,,,,,,,,,,,,,,,271
XXX-04,,,,,,,,,,,,,,,,,,0
XXX-04,,,,,,,,,,,,,,,,,,0
XXX-04,,,,,,,,,,,,,,,,,,0
XXX-04,,,,,,,,,,,,,,,,,,0
XXX-04,,,,,,,,,,,,,,,,,,0
XXX-04,,,,,,,,,,,,,,,,,,0
XXX-04,,,,,,,,,,,,,,,,,,0
XXX-04,,,,,,,,,,,,,,,,,,0
XXX-04,,,,,,,,,,,,,,,,,,0
XXX-04,,,,,,,,,,,,,,,,,,0
XXX-04,,,,,,,,,,,,,,,,,,0
XXX-04,,,,,,,,,,,,,,,,,,0
XXX-04,,,,,,,,,,,,,,,,,,0
XXX-04,,,,,,,,,,,,,,,,,,0
XXX-04,,,,,,,,,,,,,,,,,,0
XXX-04,,,,,,,,,,,,,,,,,,0
XXX-04,,,,,,,,,,,,,,,,,,0
XXX-04,,,,,,,,,,,,,,,,,,0
XXX-04,,,,,,,,,,,,,,,,,,0
XXX-04,,,,,,,,,,,,,,,,,,0
XXX-04,,,,,,,,,,,,,,,,,,0
XXX-04,,,,,,,,,,,,,,,,,,0
XXX-04,,,,,,,,,,,,,,,,,,0
XXX-04,,,,,,,,,,,,,,,,,,0
XXX-04,,,,,,,,,,,,,,,,,,0
XXX-04,,,,,,,,,,,,,,,,,,307
XXX-04,,,,,,,,,,,,,,,,,,0
XXX-04,,,,,,,,,,,,,,,,,,0
XXX-04,,,,,,,,,,,,,,,,,,0
XXX-04,,,,,,,,,,,,,,,,,,0
XXX-04,,,,,,,,,,,,,,,,,,0
XXX-04,,,,,,,,,,,,,,,,,,0
XXX-04,,,,,,,,,,,,,,,,,,0
XXX-04,,,,,,,,,,,,,,,,,,0
XXX-04,,,,,,,,,,,,,,,,,,0
XXX-04,,,,,,,,,,,,,,,,,,173
XXX-04,,,,,,,,,,,,,,,,,,0
XXX-04,,,,,,,,,,,,,,,,,,0
XXX-04,,,,,,,,,,,,,,,,,,0
XXX-04,,,,,,,,,,,,,,,,,,0
XXX-04,,,,,,,,,,,,,,,,,,0
XXX-04,,,,,,,,,,,,,,,,,,0
XXX-04,,,,,,,,,,,,,,,,,,0
XXX-04,,,,,,,,,,,,,,,,,,0
XXX-04,,,,,,,,,,,,,,,,,,0
XXX-04,,,,,,,,,,,,,,,,,,157
XXX-04,,,,,,,,,,,,,,,,,,0
XXX-04,,,,,,,,,,,,,,,,,,0
XXX-04,,,,,,,,,,,,,,,,,,0
XXX-04,,,,,,,,,,,,,,,,,,0
XXX-04,,,,,,,,,,,,,,,,,,0
XXX-04,,,,,,,,,,,,,,,,,,0
XXX-04,,,,,,,,,,,,,,,,,,0
XXX-04,,,,,,,,,,,,,,,,,,0
XXX-04,,,,,,,,,,,,,,,,,,0
XXX-04,,,,,,,,,,,,,,,,,,0
XXX-04,,,,,,,,,,,,,,,,,,0
XXX-04,,,,,,,,,,,,,,,,,,0
XXX-04,,,,,,,,,,,,,,,,,,0
XXX-04,,,,,,,,,,,,,,,,,,0
XXX-04,,,,,,,,,,,,,,,,,,0
XXX-04,,,,,,,,,,,,,,,,,,0
XXX-04,,,,,,,,,,,,,,,,,,0
XXX-04,,,,,,,,,,,,,,,,,,0
XXX-04,,,,,,,,,,,,,,,,,,0
XXX-04,,,,,,,,,,,,,,,,,,0
XXX-04,,,,,,,,,,,,,,,,,,0
XXX-04,,,,,,,,,,,,,,,,,,0
XXX-04,,,,,,,,,,,,,,,,,,0
XXX-04,,,,,,,,,,,,,,,,,,0
XXX-04,,,,,,,,,,,,,,,,,,300
XXX-04,,,,,,,,,,,,,,,,,,0
XXX-04,,,,,,,,,,,,,,,,,,0
XXX-04,,,,,,,,,,,,,,,,,,0
XXX-04,,,,,,,,,,,,,,,,,,0
XXX-04,,,,,,,,,,,,,,,,,,0
XXX-04,,,,,,,,,,,,,,,,,,0
XXX-04,,,,,,,,,,,,,,,,,,0
XXX-04,,,,,,,,,,,,,,,,,,0
XXX-04,,,,,,,,,,,,,,,,,,0
XXX-04,,,,,,,,,,,,,,,,,,0
XXX-04,,,,,,,,,,,,,,,,,,0
XXX-04,,,,,,,,,,,,,,,,,,0
XXX-04,,,,,,,,,,,,,,,,,,0
XXX-04,,,,,,,,,,,,,,,,,,0
XXX-04,,,,,,,,,,,,,,,,,,159
XXX-04,,,,,,,,,,,,,,,,,,0
XXX-04,,,,,,,,,,,,,,,,,,0
XXX-04,,,,,,,,,,,,,,,,,,0
XXX-04,,,,,,,,,,,,,,,,,,0
XXX-04,,,,,,,,,,,,,,,,,,0
XXX-04,,,,,,,,,,,,,,,,,,0
XXX-04,,,,,,,,,,,,,,,,,,0
XXX-04,,,,,,,,,,,,,,,,,,0
XXX-04,,,,,,,,,,,,,,,,,,0
XXX-04,,,,,,,,,,,,,,,,,,0
XXX-04,,,,,,,,,,,,,,,,,,0
XXX-04,,,,,,,,,,,,,,,,,,0
XXX-04,,,,,,,,,,,,,,,,,,0
XXX-04,,,,,,,,,,,,,,,,,,0
XXX-04,,,,,,,,,,,,,,,,,,0
XXX-04,,,,,,,,,,,,,,,,,,0
XXX-04,,,,,,,,,,,,,,,,,,0
XXX-04,,,,,,,,,,,,,,,,,,0
XXX-04,,,,,,,,,,,,,,,,,,0
XXX-04,,,,,,,,,,,,,,,,,,0
XXX-04,,,,,,,,,,,,,,,,,,0
XXX-04,,,,,,,,,,,,,,,,,,0
XXX-04,,,,,,,,,,,,,,,,,,0
XXX-04,,,,,,,,,,,,,,,,,,0
XXX-04,,,,,,,,,,,,,,,,,,320
XXX-04,,,,,,,,,,,,,,,,,,0
XXX-04,,,,,,,,,,,,,,,,,,0
XXX-04,,,,,,,,,,,,,,,,,,0
XXX-04,,,,,,,,,,,,,,,,,,0
XXX-04,,,,,,,,,,,,,,,,,,0
XXX-04,,,,,,,,,,,,,,,,,,0
XXX-04,,,,,,,,,,,,,,,,,,0
XXX-04,,,,,,,,,,,,,,,,,,0
XXX-04,,,,,,,,,,,,,,,,,,0
XXX-04,,,,,,,,,,,,,,,,,,0
XXX-04,,,,,,,,,,,,,,,,,,0
XXX-04,,,,,,,,,,,,,,,,,,0
XXX-04,,,,,,,,,,,,,,,,,,0
XXX-04,,,,,,,,,,,,,,,,,,0
XXX-04,,,,,,,,,,,,,,,,,,0
XXX-04,,,,,,,,,,,,,,,,,,0
XXX-04,,,,,,,,,,,,,,,,,,0
XXX-04,,,,,,,,,,,,,,,,,,0
XXX-04,,,,,,,,,,,,,,,,,,0
XXX-04,,,,,,,,,,,,,,,,,,0
XXX-04,,,,,,,,,,,,,,,,,,0
XXX-04,,,,,,,,,,,,,,,,,,0
XXX-04,,,,,,,,,,,,,,,,,,0
XXX-04,,,,,,,,,,,,,,,,,,170.3
XXX-04,,,,,,,,,,,,,,,,,,0
XXX-04,,,,,,,,,,,,,,,,,,0
XXX-04,,,,,,,,,,,,,,,,,,0
XXX-04,,,,,,,,,,,,,,,,,,0
XXX-04,,,,,,,,,,,,,,,,,,0
XXX-04,,,,,,,,,,,,,,,,,,0
XXX-04,,,,,,,,,,,,,,,,,,140.2
XXX-04,,,,,,,,,,,,,,,,,,0
XXX-04,,,,,,,,,,,,,,,,,,0
XXX-04,,,,,,,,,,,,,,,,,,0
XXX-04,,,,,,,,,,,,,,,,,,0
XXX-04,,,,,,,,,,,,,,,,,,0
XXX-04,,,,,,,,,,,,,,,,,,0
XXX-04,,,,,,,,,,,,,,,,,,0
XXX-04,,,,,,,,,,,,,,,,,,0
XXX-04,,,,,,,,,,,,,,,,,,0
XXX-04,,,,,,,,,,,,,,,,,,0
XXX-04,,,,,,,,,,,,,,,,,,0
XXX-04,,,,,,,,,,,,,,,,,,0
XXX-04,,,,,,,,,,,,,,,,,,0
XXX-04,,,,,,,,,,,,,,,,,,0
XXX-04,,,,,,,,,,,,,,,,,,0
XXX-04,,,,,,,,,,,,,,,,,,0
XXX-04,,,,,,,,,,,,,,,,,,0
XXX-04,,,,,,,,,,,,,,,,,,0
XXX-04,,,,,,,,,,,,,,,,,,0
XXX-04,,,,,,,,,,,,,,,,,,0
XXX-04,,,,,,,,,,,,,,,,,,0
XXX-04,,,,,,,,,,,,,,,,,,0
XXX-04,,,,,,,,,,,,,,,,,,0
XXX-04,,,,,,,,,,,,,,,,,,0
XXX-04,,,,,,,,,,,,,,,,,,0
XXX-04,,,,,,,,,,,,,,,,,,0
XXX-04,,,,,,,,,,,,,,,,,,0
XXX-04,,,,,,,,,,,,,,,,,,0
XXX-04,,,,,,,,,,,,,,,,,,0
XXX-04,,,,,,,,,,,,,,,,,,0
XXX-04,,,,,,,,,,,,,,,,,,0
XXX-04,,,,,,,,,,,,,,,,,,0
XXX-04,,,,,,,,,,,,,,,,,,0
XXX-04,,,,,,,,,,,,,,,,,,0
XXX-04,,,,,,,,,,,,,,,,,,0
XXX-04,,,,,,,,,,,,,,,,,,0
XXX-04,,,,,,,,,,,,,,,,,,0
XXX-04,,,,,,,,,,,,,,,,,,0
XXX-04,,,,,,,,,,,,,,,,,,0
XXX-04,,,,,,,,,,,,,,,,,,0
XXX-04,,,,,,,,,,,,,,,,,,0
XXX-04,,,,,,,,,,,,,,,,,,0
XXX-04,,,,,,,,,,,,,,,,,,0
XXX-04,,,,,,,,,,,,,,,,,,0
XXX-04,,,,,,,,,,,,,,,,,,0
XXX-04,,,,,,,,,,,,,,,,,,0
XXX-04,,,,,,,,,,,,,,,,,,0
XXX-04,,,,,,,,,,,,,,,,,,0
XXX-04,,,,,,,,,,,,,,,,,,0
XXX-04,,,,,,,,,,,,,,,,,,0
XXX-04,,,,,,,,,,,,,,,,,,0
XXX-04,,,,,,,,,,,,,,,,,,0
XXX-04,,,,,,,,,,,,,,,,,,0
XXX-04,,,,,,,,,,,,,,,,,,246
XXX-04,,,,,,,,,,,,,,,,,,0
XXX-04,,,,,,,,,,,,,,,,,,0
XXX-04,,,,,,,,,,,,,,,,,,0
XXX-04,,,,,,,,,,,,,,,,,,0
XXX-04,,,,,,,,,,,,,,,,,,0
XXX-04,,,,,,,,,,,,,,,,,,0
XXX-04,,,,,,,,,,,,,,,,,,0
XXX-04,,,,,,,,,,,,,,,,,,0
XXX-04,,,,,,,,,,,,,,,,,,0
XXX-04,,,,,,,,,,,,,,,,,,0
XXX-04,,,,,,,,,,,,,,,,,,0
XXX-04,,,,,,,,,,,,,,,,,,0
XXX-04,,,,,,,,,,,,,,,,,,0
XXX-04,,,,,,,,,,,,,,,,,,0
XXX-04,,,,,,,,,,,,,,,,,,0
XXX-04,,,,,,,,,,,,,,,,,,0
XXX-04,,,,,,,,,,,,,,,,,,0
XXX-04,,,,,,,,,,,,,,,,,,0
XXX-04,,,,,,,,,,,,,,,,,,0
XXX-04,,,,,,,,,,,,,,,,,,0
XXX-04,,,,,,,,,,,,,,,,,,0
XXX-04,,,,,,,,,,,,,,,,,,0
XXX-04,,,,,,,,,,,,,,,,,,0
XXX-04,,,,,,,,,,,,,,,,,,0
XXX-04,,,,,,,,,,,,,,,,,,121.4
XXX-04,,,,,,,,,,,,,,,,,,0
XXX-04,,,,,,,,,,,,,,,,,,0
XXX-04,,,,,,,,,,,,,,,,,,0
XXX-04,,,,,,,,,,,,,,,,,,0
XXX-04,,,,,,,,,,,,,,,,,,0
XXX-04,,,,,,,,,,,,,,,,,,0
XXX-04,,,,,,,,,,,,,,,,,,0
XXX-04,,,,,,,,,,,,,,,,,,0
XXX-04,,,,,,,,,,,,,,,,,,0
XXX-04,,,,,,,,,,,,,,,,,,0
XXX-04,,,,,,,,,,,,,,,,,,0
XXX-04,,,,,,,,,,,,,,,,,,0
XXX-04,,,,,,,,,,,,,,,,,,0
XXX-04,,,,,,,,,,,,,,,,,,0
XXX-04,,,,,,,,,,,,,,,,,,0
XXX-04,,,,,,,,,,,,,,,,,,0
XXX-04,,,,,,,,,,,,,,,,,,0
XXX-04,,,,,,,,,,,,,,,,,,0
XXX-04,,,,,,,,,,,,,,,,,,0
XXX-04,,,,,,,,,,,,,,,,,,0
XXX-04,,,,,,,,,,,,,,,,,,0
XXX-04,,,,,,,,,,,,,,,,,,0
XXX-04,,,,,,,,,,,,,,,,,,0
XXX-04,,,,,,,,,,,,,,,,,,0
XXX-04,,,,,,,,,,,,,,,,,,0
XXX-04,,,,,,,,,,,,,,,,,,0
XXX-04,,,,,,,,,,,,,,,,,,0
XXX-04,,,,,,,,,,,,,,,,,,71.49
XXX-04,,,,,,,,,,,,,,,,,,78.23
XXX-04,,,,,,,,,,,,,,,,,,0
XXX-04,,,,,,,,,,,,,,,,,,0
XXX-04,,,,,,,,,,,,,,,,,,0
XXX-04,,,,,,,,,,,,,,,,,,0
XXX-04,,,,,,,,,,,,,,,,,,156.38
XXX-04,,,,,,,,,,,,,,,,,,0
XXX-04,,,,,,,,,,,,,,,,,,0
XXX-04,,,,,,,,,,,,,,,,,,0
XXX-04,,,,,,,,,,,,,,,,,,0
XXX-04,,,,,,,,,,,,,,,,,,153.85
XXX-04,,,,,,,,,,,,,,,,,,101.53
XXX-04,,,,,,,,,,,,,,,,,,0
XXX-04,,,,,,,,,,,,,,,,,,0
XXX-04,,,,,,,,,,,,,,,,,,0
XXX-04,,,,,,,,,,,,,,,,,,51.67
XXX-04,,,,,,,,,,,,,,,,,,0
XXX-04,,,,,,,,,,,,,,,,,,0
XXX-04,,,,,,,,,,,,,,,,,,0
XXX-04,,,,,,,,,,,,,,,,,,64.3
XXX-04,,,,,,,,,,,,,,,,,,0
XXX-04,,,,,,,,,,,,,,,,,,0
XXX-04,,,,,,,,,,,,,,,,,,0
XXX-04,,,,,,,,,,,,,,,,,,0
XXX-04,,,,,,,,,,,,,,,,,,106.79
XXX-04,,,,,,,,,,,,,,,,,,0
XXX-04,,,,,,,,,,,,,,,,,,0
XXX-04,,,,,,,,,,,,,,,,,,0
XXX-04,,,,,,,,,,,,,,,,,,0
XXX-04,,,,,,,,,,,,,,,,,,0
XXX-04,,,,,,,,,,,,,,,,,,0
XXX-04,,,,,,,,,,,,,,,,,,0
XXX-04,,,,,,,,,,,,,,,,,,0
XXX-04,,,,,,,,,,,,,,,,,,0
XXX-04,,,,,,,,,,,,,,,,,,0
XXX-04,,,,,,,,,,,,,,,,,,0
XXX-04,,,,,,,,,,,,,,,,,,0
XXX-04,,,,,,,,,,,,,,,,,,0
XXX-04,,,,,,,,,,,,,,,,,,0
XXX-04,,,,,,,,,,,,,,,,,,0
XXX-04,,,,,,,,,,,,,,,,,,0
XXX-04,,,,,,,,,,,,,,,,,,75.26
XXX-04,,,,,,,,,,,,,,,,,,56.73
XXX-04,,,,,,,,,,,,,,,,,,0
XXX-04,,,,,,,,,,,,,,,,,,0
XXX-04,,,,,,,,,,,,,,,,,,0
XXX-04,,,,,,,,,,,,,,,,,,67.95
XXX-04,,,,,,,,,,,,,,,,,,0
XXX-04,,,,,,,,,,,,,,,,,,0
XXX-04,,,,,,,,,,,,,,,,,,0
XXX-04,,,,,,,,,,,,,,,,,,0
XXX-04,,,,,,,,,,,,,,,,,,66.44
XXX-04,,,,,,,,,,,,,,,,,,0
XXX-04,,,,,,,,,,,,,,,,,,0
XXX-04,,,,,,,,,,,,,,,,,,0
XXX-04,,,,,,,,,,,,,,,,,,0
XXX-04,,,,,,,,,,,,,,,,,,0
XXX-04,,,,,,,,,,,,,,,,,,55.74
XXX-04,,,,,,,,,,,,,,,,,,0
XXX-04,,,,,,,,,,,,,,,,,,0
XXX-04,,,,,,,,,,,,,,,,,,0
XXX-04,,,,,,,,,,,,,,,,,,0
XXX-04,,,,,,,,,,,,,,,,,,0
XXX-04,,,,,,,,,,,,,,,,,,0
XXX-04,,,,,,,,,,,,,,,,,,0
XXX-04,,,,,,,,,,,,,,,,,,0
XXX-04,,,,,,,,,,,,,,,,,,0
XXX-04,,,,,,,,,,,,,,,,,,0
XXX-04,,,,,,,,,,,,,,,,,,0
XXX-04,,,,,,,,,,,,,,,,,,0
XXX-04,,,,,,,,,,,,,,,,,,0
XXX-04,,,,,,,,,,,,,,,,,,0
XXX-04,,,,,,,,,,,,,,,,,,0
XXX-04,,,,,,,,,,,,,,,,,,0
XXX-04,,,,,,,,,,,,,,,,,,0
XXX-04,,,,,,,,,,,,,,,,,,0
XXX-04,,,,,,,,,,,,,,,,,,43.1
XXX-04,,,,,,,,,,,,,,,,,,0
XXX-04,,,,,,,,,,,,,,,,,,0
XXX-04,,,,,,,,,,,,,,,,,,250.05
XXX-04,,,,,,,,,,,,,,,,,,0
XXX-04,,,,,,,,,,,,,,,,,,261.11
XXX-04,,,,,,,,,,,,,,,,,,0
XXX-04,,,,,,,,,,,,,,,,,,0
XXX-04,,,,,,,,,,,,,,,,,,0
XXX-04,,,,,,,,,,,,,,,,,,0
XXX-04,,,,,,,,,,,,,,,,,,0
XXX-04,,,,,,,,,,,,,,,,,,0
XXX-04,,,,,,,,,,,,,,,,,,0
XXX-04,,,,,,,,,,,,,,,,,,0
XXX-04,,,,,,,,,,,,,,,,,,0
XXX-04,,,,,,,,,,,,,,,,,,0
XXX-04,,,,,,,,,,,,,,,,,,0
XXX-04,,,,,,,,,,,,,,,,,,0
XXX-04,,,,,,,,,,,,,,,,,,0
XXX-04,,,,,,,,,,,,,,,,,,145.23
XXX-04,,,,,,,,,,,,,,,,,,0
XXX-04,,,,,,,,,,,,,,,,,,0
XXX-04,,,,,,,,,,,,,,,,,,0
XXX-04,,,,,,,,,,,,,,,,,,0
XXX-04,,,,,,,,,,,,,,,,,,0
XXX-04,,,,,,,,,,,,,,,,,,0
XXX-04,,,,,,,,,,,,,,,,,,0
XXX-04,,,,,,,,,,,,,,,,,,0
XXX-04,,,,,,,,,,,,,,,,,,0
XXX-04,,,,,,,,,,,,,,,,,,0
XXX-04,,,,,,,,,,,,,,,,,,0
XXX-04,,,,,,,,,,,,,,,,,,0
XXX-04,,,,,,,,,,,,,,,,,,0
XXX-04,,,,,,,,,,,,,,,,,,0
XXX-04,,,,,,,,,,,,,,,,,,180.54
XXX-04,,,,,,,,,,,,,,,,,,0
XXX-04,,,,,,,,,,,,,,,,,,0
XXX-04,,,,,,,,,,,,,,,,,,0
XXX-04,,,,,,,,,,,,,,,,,,0
XXX-04,,,,,,,,,,,,,,,,,,0
XXX-04,,,,,,,,,,,,,,,,,,0
XXX-04,,,,,,,,,,,,,,,,,,0
XXX-04,,,,,,,,,,,,,,,,,,0
XXX-04,,,,,,,,,,,,,,,,,,0
XXX-04,,,,,,,,,,,,,,,,,,0
XXX-04,,,,,,,,,,,,,,,,,,0
XXX-04,,,,,,,,,,,,,,,,,,0
XXX-04,,,,,,,,,,,,,,,,,,0
XXX-04,,,,,,,,,,,,,,,,,,0
XXX-04,,,,,,,,,,,,,,,,,,0
XXX-04,,,,,,,,,,,,,,,,,,150.41
XXX-04,,,,,,,,,,,,,,,,,,0
XXX-04,,,,,,,,,,,,,,,,,,0
XXX-04,,,,,,,,,,,,,,,,,,0
XXX-04,,,,,,,,,,,,,,,,,,0
XXX-04,,,,,,,,,,,,,,,,,,64.7
XXX-04,,,,,,,,,,,,,,,,,,0
XXX-04,,,,,,,,,,,,,,,,,,0
XXX-04,,,,,,,,,,,,,,,,,,0
XXX-04,,,,,,,,,,,,,,,,,,0
XXX-04,,,,,,,,,,,,,,,,,,0
XXX-04,,,,,,,,,,,,,,,,,,0
XXX-04,,,,,,,,,,,,,,,,,,0
XXX-04,,,,,,,,,,,,,,,,,,0
XXX-04,,,,,,,,,,,,,,,,,,0
XXX-04,,,,,,,,,,,,,,,,,,0
XXX-04,,,,,,,,,,,,,,,,,,0
XXX-04,,,,,,,,,,,,,,,,,,0
XXX-04,,,,,,,,,,,,,,,,,,0
XXX-04,,,,,,,,,,,,,,,,,,0
XXX-04,,,,,,,,,,,,,,,,,,0
XXX-04,,,,,,,,,,,,,,,,,,0
XXX-04,,,,,,,,,,,,,,,,,,0
XXX-04,,,,,,,,,,,,,,,,,,0
XXX-04,,,,,,,,,,,,,,,,,,0
XXX-04,,,,,,,,,,,,,,,,,,0
XXX-04,,,,,,,,,,,,,,,,,,0
XXX-04,,,,,,,,,,,,,,,,,,0
XXX-04,,,,,,,,,,,,,,,,,,0
XXX-04,,,,,,,,,,,,,,,,,,0
XXX-04,,,,,,,,,,,,,,,,,,0
XXX-04,,,,,,,,,,,,,,,,,,0
XXX-04,,,,,,,,,,,,,,,,,,0
XXX-04,,,,,,,,,,,,,,,,,,0
XXX-04,,,,,,,,,,,,,,,,,,0
XXX-04,,,,,,,,,,,,,,,,,,0
XXX-04,,,,,,,,,,,,,,,,,,0
XXX-04,,,,,,,,,,,,,,,,,,0
XXX-04,,,,,,,,,,,,,,,,,,0
XXX-04,,,,,,,,,,,,,,,,,,0
XXX-04,,,,,,,,,,,,,,,,,,0
XXX-04,,,,,,,,,,,,,,,,,,0
XXX-04,,,,,,,,,,,,,,,,,,0
XXX-04,,,,,,,,,,,,,,,,,,0
XXX-04,,,,,,,,,,,,,,,,,,0
XXX-04,,,,,,,,,,,,,,,,,,0
XXX-04,,,,,,,,,,,,,,,,,,0
XXX-04,,,,,,,,,,,,,,,,,,0
XXX-04,,,,,,,,,,,,,,,,,,0
XXX-04,,,,,,,,,,,,,,,,,,0
XXX-04,,,,,,,,,,,,,,,,,,0
XXX-04,,,,,,,,,,,,,,,,,,0
XXX-04,,,,,,,,,,,,,,,,,,0
XXX-04,,,,,,,,,,,,,,,,,,0
XXX-04,,,,,,,,,,,,,,,,,,0
XXX-04,,,,,,,,,,,,,,,,,,0
XXX-04,,,,,,,,,,,,,,,,,,0
XXX-04,,,,,,,,,,,,,,,,,,0
XXX-04,,,,,,,,,,,,,,,,,,0
XXX-04,,,,,,,,,,,,,,,,,,0
XXX-04,,,,,,,,,,,,,,,,,,0
XXX-04,,,,,,,,,,,,,,,,,,0
XXX-04,,,,,,,,,,,,,,,,,,0
XXX-04,,,,,,,,,,,,,,,,,,0
XXX-04,,,,,,,,,,,,,,,,,,0
XXX-04,,,,,,,,,,,,,,,,,,0
XXX-04,,,,,,,,,,,,,,,,,,0
XXX-04,,,,,,,,,,,,,,,,,,0
XXX-04,,,,,,,,,,,,,,,,,,0
XXX-04,,,,,,,,,,,,,,,,,,0
XXX-04,,,,,,,,,,,,,,,,,,0
XXX-04,,,,,,,,,,,,,,,,,,0
XXX-04,,,,,,,,,,,,,,,,,,0
XXX-04,,,,,,,,,,,,,,,,,,0
XXX-04,,,,,,,,,,,,,,,,,,0
XXX-04,,,,,,,,,,,,,,,,,,0
XXX-04,,,,,,,,,,,,,,,,,,0
XXX-04,,,,,,,,,,,,,,,,,,0
XXX-04,,,,,,,,,,,,,,,,,,0
XXX-04,,,,,,,,,,,,,,,,,,0
XXX-04,,,,,,,,,,,,,,,,,,0
XXX-04,,,,,,,,,,,,,,,,,,0
XXX-04,,,,,,,,,,,,,,,,,,0
XXX-04,,,,,,,,,,,,,,,,,,0
XXX-04,,,,,,,,,,,,,,,,,,0
XXX-04,,,,,,,,,,,,,,,,,,0
XXX-04,,,,,,,,,,,,,,,,,,0
XXX-04,,,,,,,,,,,,,,,,,,0
XXX-04,,,,,,,,,,,,,,,,,,0
XXX-04,,,,,,,,,,,,,,,,,,0
XXX-04,,,,,,,,,,,,,,,,,,161.2
XXX-04,,,,,,,,,,,,,,,,,,0
XXX-04,,,,,,,,,,,,,,,,,,0
XXX-04,,,,,,,,,,,,,,,,,,0
XXX-04,,,,,,,,,,,,,,,,,,0
XXX-04,,,,,,,,,,,,,,,,,,0
XXX-04,,,,,,,,,,,,,,,,,,0
XXX-04,,,,,,,,,,,,,,,,,,0
XXX-04,,,,,,,,,,,,,,,,,,0
XXX-04,,,,,,,,,,,,,,,,,,0
XXX-04,,,,,,,,,,,,,,,,,,0
XXX-04,,,,,,,,,,,,,,,,,,0
XXX-04,,,,,,,,,,,,,,,,,,0
XXX-04,,,,,,,,,,,,,,,,,,0
XXX-04,,,,,,,,,,,,,,,,,,0
XXX-04,,,,,,,,,,,,,,,,,,0
XXX-04,,,,,,,,,,,,,,,,,,0
XXX-04,,,,,,,,,,,,,,,,,,0
XXX-04,,,,,,,,,,,,,,,,,,0
XXX-04,,,,,,,,,,,,,,,,,,0
XXX-04,,,,,,,,,,,,,,,,,,163.64
XXX-04,,,,,,,,,,,,,,,,,,0
XXX-04,,,,,,,,,,,,,,,,,,0
XXX-04,,,,,,,,,,,,,,,,,,0
XXX-04,,,,,,,,,,,,,,,,,,0
XXX-04,,,,,,,,,,,,,,,,,,0
XXX-04,,,,,,,,,,,,,,,,,,0
XXX-04,,,,,,,,,,,,,,,,,,0
XXX-04,,,,,,,,,,,,,,,,,,0
XXX-04,,,,,,,,,,,,,,,,,,0
XXX-04,,,,,,,,,,,,,,,,,,0
XXX-04,,,,,,,,,,,,,,,,,,0
XXX-04,,,,,,,,,,,,,,,,,,0
XXX-04,,,,,,,,,,,,,,,,,,0
XXX-04,,,,,,,,,,,,,,,,,,0
XXX-04,,,,,,,,,,,,,,,,,,0
XXX-04,,,,,,,,,,,,,,,,,,0
XXX-04,,,,,,,,,,,,,,,,,,0
XXX-04,,,,,,,,,,,,,,,,,,0
XXX-04,,,,,,,,,,,,,,,,,,0
XXX-04,,,,,,,,,,,,,,,,,,0
XXX-04,,,,,,,,,,,,,,,,,,0
XXX-04,,,,,,,,,,,,,,,,,,0
XXX-04,,,,,,,,,,,,,,,,,,0
XXX-04,,,,,,,,,,,,,,,,,,0
XXX-04,,,,,,,,,,,,,,,,,,0
XXX-04,,,,,,,,,,,,,,,,,,0
XXX-04,,,,,,,,,,,,,,,,,,0
XXX-04,,,,,,,,,,,,,,,,,,0
XXX-04,,,,,,,,,,,,,,,,,,0
XXX-04,,,,,,,,,,,,,,,,,,0
XXX-04,,,,,,,,,,,,,,,,,,0
XXX-04,,,,,,,,,,,,,,,,,,0
XXX-04,,,,,,,,,,,,,,,,,,0
XXX-04,,,,,,,,,,,,,,,,,,0
XXX-04,,,,,,,,,,,,,,,,,,0
XXX-04,,,,,,,,,,,,,,,,,,0
XXX-04,,,,,,,,,,,,,,,,,,0
XXX-04,,,,,,,,,,,,,,,,,,0
XXX-04,,,,,,,,,,,,,,,,,,0
XXX-04,,,,,,,,,,,,,,,,,,0
XXX-04,,,,,,,,,,,,,,,,,,0
XXX-04,,,,,,,,,,,,,,,,,,0
XXX-04,,,,,,,,,,,,,,,,,,0
XXX-04,,,,,,,,,,,,,,,,,,0
XXX-04,,,,,,,,,,,,,,,,,,0
XXX-04,,,,,,,,,,,,,,,,,,0
XXX-04,,,,,,,,,,,,,,,,,,0
XXX-04,,,,,,,,,,,,,,,,,,0
XXX-04,,,,,,,,,,,,,,,,,,0
XXX-04,,,,,,,,,,,,,,,,,,100
XXX-04,,,,,,,,,,,,,,,,,,0
XXX-04,,,,,,,,,,,,,,,,,,0
XXX-04,,,,,,,,,,,,,,,,,,0
XXX-04,,,,,,,,,,,,,,,,,,0
XXX-04,,,,,,,,,,,,,,,,,,0
XXX-04,,,,,,,,,,,,,,,,,,0
XXX-04,,,,,,,,,,,,,,,,,,0
XXX-04,,,,,,,,,,,,,,,,,,0
XXX-04,,,,,,,,,,,,,,,,,,0
XXX-04,,,,,,,,,,,,,,,,,,0
XXX-04,,,,,,,,,,,,,,,,,,0
XXX-04,,,,,,,,,,,,,,,,,,0
XXX-04,,,,,,,,,,,,,,,,,,0
XXX-04,,,,,,,,,,,,,,,,,,0
XXX-04,,,,,,,,,,,,,,,,,,0
XXX-04,,,,,,,,,,,,,,,,,,0
XXX-04,,,,,,,,,,,,,,,,,,0
XXX-04,,,,,,,,,,,,,,,,,,0
XXX-04,,,,,,,,,,,,,,,,,,0
XXX-04,,,,,,,,,,,,,,,,,,0
XXX-04,,,,,,,,,,,,,,,,,,0
XXX-04,,,,,,,,,,,,,,,,,,0
XXX-04,,,,,,,,,,,,,,,,,,0
XXX-04,,,,,,,,,,,,,,,,,,0
XXX-04,,,,,,,,,,,,,,,,,,0
XXX-04,,,,,,,,,,,,,,,,,,0
XXX-04,,,,,,,,,,,,,,,,,,0
XXX-04,,,,,,,,,,,,,,,,,,0
XXX-04,,,,,,,,,,,,,,,,,,0
XXX-04,,,,,,,,,,,,,,,,,,0
XXX-04,,,,,,,,,,,,,,,,,,0
XXX-04,,,,,,,,,,,,,,,,,,0
XXX-04,,,,,,,,,,,,,,,,,,0
XXX-04,,,,,,,,,,,,,,,,,,0
XXX-04,,,,,,,,,,,,,,,,,,0
XXX-04,,,,,,,,,,,,,,,,,,0
XXX-04,,,,,,,,,,,,,,,,,,0
XXX-04,,,,,,,,,,,,,,,,,,0
XXX-04,,,,,,,,,,,,,,,,,,0
XXX-04,,,,,,,,,,,,,,,,,,0
XXX-04,,,,,,,,,,,,,,,,,,0
XXX-04,,,,,,,,,,,,,,,,,,0
XXX-04,,,,,,,,,,,,,,,,,,0
XXX-04,,,,,,,,,,,,,,,,,,0
XXX-04,,,,,,,,,,,,,,,,,,0
XXX-04,,,,,,,,,,,,,,,,,,0
XXX-04,,,,,,,,,,,,,,,,,,0
XXX-04,,,,,,,,,,,,,,,,,,0
XXX-04,,,,,,,,,,,,,,,,,,0
XXX-04,,,,,,,,,,,,,,,,,,0
XXX-04,,,,,,,,,,,,,,,,,,0
XXX-04,,,,,,,,,,,,,,,,,,0
XXX-04,,,,,,,,,,,,,,,,,,0
XXX-04,,,,,,,,,,,,,,,,,,0
XXX-04,,,,,,,,,,,,,,,,,,0
XXX-04,,,,,,,,,,,,,,,,,,0
XXX-04,,,,,,,,,,,,,,,,,,0
XXX-04,,,,,,,,,,,,,,,,,,0
XXX-04,,,,,,,,,,,,,,,,,,0
XXX-04,,,,,,,,,,,,,,,,,,100
XXX-04,,,,,,,,,,,,,,,,,,0
XXX-04,,,,,,,,,,,,,,,,,,0
XXX-04,,,,,,,,,,,,,,,,,,0
XXX-04,,,,,,,,,,,,,,,,,,0
XXX-04,,,,,,,,,,,,,,,,,,0
XXX-04,,,,,,,,,,,,,,,,,,0
XXX-04,,,,,,,,,,,,,,,,,,0
XXX-04,,,,,,,,,,,,,,,,,,0
XXX-04,,,,,,,,,,,,,,,,,,0
XXX-04,,,,,,,,,,,,,,,,,,0
XXX-04,,,,,,,,,,,,,,,,,,0
XXX-04,,,,,,,,,,,,,,,,,,0
XXX-04,,,,,,,,,,,,,,,,,,0
XXX-04,,,,,,,,,,,,,,,,,,0
XXX-04,,,,,,,,,,,,,,,,,,0
XXX-04,,,,,,,,,,,,,,,,,,0
XXX-04,,,,,,,,,,,,,,,,,,0
XXX-04,,,,,,,,,,,,,,,,,,0
XXX-04,,,,,,,,,,,,,,,,,,0
XXX-04,,,,,,,,,,,,,,,,,,0
XXX-04,,,,,,,,,,,,,,,,,,0
XXX-04,,,,,,,,,,,,,,,,,,0
XXX-04,,,,,,,,,,,,,,,,,,0
XXX-04,,,,,,,,,,,,,,,,,,0
XXX-04,,,,,,,,,,,,,,,,,,150
XXX-04,,,,,,,,,,,,,,,,,,0
XXX-04,,,,,,,,,,,,,,,,,,0
XXX-04,,,,,,,,,,,,,,,,,,0
XXX-04,,,,,,,,,,,,,,,,,,0
XXX-04,,,,,,,,,,,,,,,,,,0
XXX-04,,,,,,,,,,,,,,,,,,0
XXX-04,,,,,,,,,,,,,,,,,,0
XXX-04,,,,,,,,,,,,,,,,,,0
XXX-04,,,,,,,,,,,,,,,,,,0
XXX-04,,,,,,,,,,,,,,,,,,0
XXX-04,,,,,,,,,,,,,,,,,,0
XXX-04,,,,,,,,,,,,,,,,,,0
XXX-04,,,,,,,,,,,,,,,,,,0
XXX-04,,,,,,,,,,,,,,,,,,0
XXX-04,,,,,,,,,,,,,,,,,,500
XXX-04,,,,,,,,,,,,,,,,,,0
XXX-04,,,,,,,,,,,,,,,,,,0
XXX-04,,,,,,,,,,,,,,,,,,0
XXX-04,,,,,,,,,,,,,,,,,,0
XXX-04,,,,,,,,,,,,,,,,,,0
XXX-04,,,,,,,,,,,,,,,,,,0
XXX-04,,,,,,,,,,,,,,,,,,0
XXX-04,,,,,,,,,,,,,,,,,,0
XXX-04,,,,,,,,,,,,,,,,,,0
XXX-04,,,,,,,,,,,,,,,,,,140
XXX-04,,,,,,,,,,,,,,,,,,0
XXX-04,,,,,,,,,,,,,,,,,,0
XXX-04,,,,,,,,,,,,,,,,,,0
XXX-04,,,,,,,,,,,,,,,,,,0
XXX-04,,,,,,,,,,,,,,,,,,0
XXX-04,,,,,,,,,,,,,,,,,,0
XXX-04,,,,,,,,,,,,,,,,,,0
XXX-04,,,,,,,,,,,,,,,,,,0
XXX-04,,,,,,,,,,,,,,,,,,0
XXX-04,,,,,,,,,,,,,,,,,,0
XXX-04,,,,,,,,,,,,,,,,,,0
XXX-04,,,,,,,,,,,,,,,,,,0
XXX-04,,,,,,,,,,,,,,,,,,0
XXX-04,,,,,,,,,,,,,,,,,,0
XXX-04,,,,,,,,,,,,,,,,,,0
XXX-04,,,,,,,,,,,,,,,,,,0
XXX-04,,,,,,,,,,,,,,,,,,0
XXX-04,,,,,,,,,,,,,,,,,,0
XXX-04,,,,,,,,,,,,,,,,,,0
XXX-04,,,,,,,,,,,,,,,,,,0
XXX-04,,,,,,,,,,,,,,,,,,0
XXX-04,,,,,,,,,,,,,,,,,,0
XXX-04,,,,,,,,,,,,,,,,,,0
XXX-04,,,,,,,,,,,,,,,,,,0
XXX-04,,,,,,,,,,,,,,,,,,450
XXX-04,,,,,,,,,,,,,,,,,,0
XXX-04,,,,,,,,,,,,,,,,,,0
XXX-04,,,,,,,,,,,,,,,,,,0
XXX-04,,,,,,,,,,,,,,,,,,0
XXX-04,,,,,,,,,,,,,,,,,,0
XXX-04,,,,,,,,,,,,,,,,,,0
XXX-04,,,,,,,,,,,,,,,,,,0
XXX-04,,,,,,,,,,,,,,,,,,0
XXX-04,,,,,,,,,,,,,,,,,,0
XXX-04,,,,,,,,,,,,,,,,,,0
XXX-04,,,,,,,,,,,,,,,,,,0
XXX-04,,,,,,,,,,,,,,,,,,0
XXX-04,,,,,,,,,,,,,,,,,,0
XXX-04,,,,,,,,,,,,,,,,,,0
XXX-04,,,,,,,,,,,,,,,,,,0
XXX-04,,,,,,,,,,,,,,,,,,0
XXX-04,,,,,,,,,,,,,,,,,,0
XXX-04,,,,,,,,,,,,,,,,,,0
XXX-04,,,,,,,,,,,,,,,,,,0
XXX-04,,,,,,,,,,,,,,,,,,0
XXX-04,,,,,,,,,,,,,,,,,,0
XXX-04,,,,,,,,,,,,,,,,,,0
XXX-04,,,,,,,,,,,,,,,,,,0
XXX-04,,,,,,,,,,,,,,,,,,0
XXX-04,,,,,,,,,,,,,,,,,,0
XXX-04,,,,,,,,,,,,,,,,,,0
XXX-04,,,,,,,,,,,,,,,,,,0
XXX-04,,,,,,,,,,,,,,,,,,0
XXX-04,,,,,,,,,,,,,,,,,,0
XXX-04,,,,,,,,,,,,,,,,,,0
XXX-04,,,,,,,,,,,,,,,,,,0
XXX-04,,,,,,,,,,,,,,,,,,0
XXX-04,,,,,,,,,,,,,,,,,,0
XXX-04,,,,,,,,,,,,,,,,,,0
XXX-04,,,,,,,,,,,,,,,,,,0
XXX-04,,,,,,,,,,,,,,,,,,0
XXX-04,,,,,,,,,,,,,,,,,,0
XXX-04,,,,,,,,,,,,,,,,,,0
XXX-04,,,,,,,,,,,,,,,,,,0
XXX-04,,,,,,,,,,,,,,,,,,0
XXX-04,,,,,,,,,,,,,,,,,,0
XXX-04,,,,,,,,,,,,,,,,,,0
XXX-04,,,,,,,,,,,,,,,,,,0
XXX-04,,,,,,,,,,,,,,,,,,0
XXX-04,,,,,,,,,,,,,,,,,,0
XXX-04,,,,,,,,,,,,,,,,,,0
XXX-04,,,,,,,,,,,,,,,,,,0
XXX-04,,,,,,,,,,,,,,,,,,0
XXX-04,,,,,,,,,,,,,,,,,,150
XXX-04,,,,,,,,,,,,,,,,,,0
XXX-04,,,,,,,,,,,,,,,,,,0
XXX-04,,,,,,,,,,,,,,,,,,0
XXX-04,,,,,,,,,,,,,,,,,,0
XXX-04,,,,,,,,,,,,,,,,,,0
XXX-04,,,,,,,,,,,,,,,,,,500
XXX-04,,,,,,,,,,,,,,,,,,0
XXX-04,,,,,,,,,,,,,,,,,,0
XXX-04,,,,,,,,,,,,,,,,,,0
XXX-04,,,,,,,,,,,,,,,,,,0
XXX-04,,,,,,,,,,,,,,,,,,0
XXX-04,,,,,,,,,,,,,,,,,,0
XXX-04,,,,,,,,,,,,,,,,,,0
XXX-04,,,,,,,,,,,,,,,,,,0
XXX-04,,,,,,,,,,,,,,,,,,0
XXX-04,,,,,,,,,,,,,,,,,,0
XXX-04,,,,,,,,,,,,,,,,,,0
XXX-04,,,,,,,,,,,,,,,,,,0
XXX-04,,,,,,,,,,,,,,,,,,0
XXX-04,,,,,,,,,,,,,,,,,,0
XXX-04,,,,,,,,,,,,,,,,,,0
XXX-04,,,,,,,,,,,,,,,,,,0
XXX-04,,,,,,,,,,,,,,,,,,0
XXX-04,,,,,,,,,,,,,,,,,,0
XXX-04,,,,,,,,,,,,,,,,,,0
XXX-04,,,,,,,,,,,,,,,,,,0
XXX-04,,,,,,,,,,,,,,,,,,0
XXX-04,,,,,,,,,,,,,,,,,,0
XXX-04,,,,,,,,,,,,,,,,,,0
XXX-04,,,,,,,,,,,,,,,,,,0
XXX-04,,,,,,,,,,,,,,,,,,0
XXX-04,,,,,,,,,,,,,,,,,,0
XXX-04,,,,,,,,,,,,,,,,,,0
XXX-04,,,,,,,,,,,,,,,,,,0
XXX-04,,,,,,,,,,,,,,,,,,150
XXX-04,,,,,,,,,,,,,,,,,,0
XXX-04,,,,,,,,,,,,,,,,,,0
XXX-04,,,,,,,,,,,,,,,,,,0
XXX-04,,,,,,,,,,,,,,,,,,0
XXX-04,,,,,,,,,,,,,,,,,,0
XXX-04,,,,,,,,,,,,,,,,,,0
XXX-04,,,,,,,,,,,,,,,,,,0
XXX-04,,,,,,,,,,,,,,,,,,0
XXX-04,,,,,,,,,,,,,,,,,,0
XXX-04,,,,,,,,,,,,,,,,,,0
XXX-04,,,,,,,,,,,,,,,,,,0
XXX-04,,,,,,,,,,,,,,,,,,0
XXX-04,,,,,,,,,,,,,,,,,,0
XXX-04,,,,,,,,,,,,,,,,,,0
XXX-04,,,,,,,,,,,,,,,,,,0
XXX-04,,,,,,,,,,,,,,,,,,0
XXX-04,,,,,,,,,,,,,,,,,,0
XXX-04,,,,,,,,,,,,,,,,,,0
XXX-04,,,,,,,,,,,,,,,,,,0
XXX-04,,,,,,,,,,,,,,,,,,0
XXX-04,,,,,,,,,,,,,,,,,,0
XXX-04,,,,,,,,,,,,,,,,,,0
XXX-04,,,,,,,,,,,,,,,,,,0
XXX-04,,,,,,,,,,,,,,,,,,0
XXX-04,,,,,,,,,,,,,,,,,,400
XXX-04,,,,,,,,,,,,,,,,,,0
XXX-04,,,,,,,,,,,,,,,,,,0
XXX-04,,,,,,,,,,,,,,,,,,0
XXX-04,,,,,,,,,,,,,,,,,,0
XXX-04,,,,,,,,,,,,,,,,,,0
XXX-04,,,,,,,,,,,,,,,,,,0
XXX-04,,,,,,,,,,,,,,,,,,0
XXX-04,,,,,,,,,,,,,,,,,,0
XXX-04,,,,,,,,,,,,,,,,,,0
XXX-04,,,,,,,,,,,,,,,,,,0
XXX-04,,,,,,,,,,,,,,,,,,0
XXX-04,,,,,,,,,,,,,,,,,,0
XXX-04,,,,,,,,,,,,,,,,,,0
XXX-04,,,,,,,,,,,,,,,,,,0
XXX-04,,,,,,,,,,,,,,,,,,0
XXX-04,,,,,,,,,,,,,,,,,,0
XXX-04,,,,,,,,,,,,,,,,,,0
XXX-04,,,,,,,,,,,,,,,,,,0
XXX-04,,,,,,,,,,,,,,,,,,0
XXX-04,,,,,,,,,,,,,,,,,,0
XXX-04,,,,,,,,,,,,,,,,,,0
XXX-04,,,,,,,,,,,,,,,,,,0
XXX-04,,,,,,,,,,,,,,,,,,0
XXX-04,,,,,,,,,,,,,,,,,,0
XXX-04,,,,,,,,,,,,,,,,,,0
XXX-04,,,,,,,,,,,,,,,,,,0
XXX-04,,,,,,,,,,,,,,,,,,0
XXX-04,,,,,,,,,,,,,,,,,,0
XXX-04,,,,,,,,,,,,,,,,,,0
XXX-04,,,,,,,,,,,,,,,,,,0
XXX-04,,,,,,,,,,,,,,,,,,0
XXX-04,,,,,,,,,,,,,,,,,,0
XXX-04,,,,,,,,,,,,,,,,,,0
XXX-04,,,,,,,,,,,,,,,,,,200
XXX-04,,,,,,,,,,,,,,,,,,0
XXX-04,,,,,,,,,,,,,,,,,,0
XXX-04,,,,,,,,,,,,,,,,,,0
XXX-04,,,,,,,,,,,,,,,,,,0
XXX-04,,,,,,,,,,,,,,,,,,0
XXX-04,,,,,,,,,,,,,,,,,,0
XXX-04,,,,,,,,,,,,,,,,,,0
XXX-04,,,,,,,,,,,,,,,,,,0
XXX-04,,,,,,,,,,,,,,,,,,0
XXX-04,,,,,,,,,,,,,,,,,,0
XXX-04,,,,,,,,,,,,,,,,,,0
XXX-04,,,,,,,,,,,,,,,,,,0
XXX-04,,,,,,,,,,,,,,,,,,0
XXX-04,,,,,,,,,,,,,,,,,,0
XXX-04,,,,,,,,,,,,,,,,,,0
XXX-04,,,,,,,,,,,,,,,,,,0
XXX-04,,,,,,,,,,,,,,,,,,0
XXX-04,,,,,,,,,,,,,,,,,,0
XXX-04,,,,,,,,,,,,,,,,,,0
XXX-04,,,,,,,,,,,,,,,,,,0
XXX-04,,,,,,,,,,,,,,,,,,0
XXX-04,,,,,,,,,,,,,,,,,,0
XXX-04,,,,,,,,,,,,,,,,,,0
XXX-04,,,,,,,,,,,,,,,,,,0
XXX-04,,,,,,,,,,,,,,,,,,0
XXX-04,,,,,,,,,,,,,,,,,,0
XXX-04,,,,,,,,,,,,,,,,,,0
XXX-04,,,,,,,,,,,,,,,,,,0
XXX-04,,,,,,,,,,,,,,,,,,0
XXX-04,,,,,,,,,,,,,,,,,,0
XXX-04,,,,,,,,,,,,,,,,,,0
XXX-04,,,,,,,,,,,,,,,,,,0
XXX-04,,,,,,,,,,,,,,,,,,0
XXX-04,,,,,,,,,,,,,,,,,,0
XXX-04,,,,,,,,,,,,,,,,,,0
XXX-04,,,,,,,,,,,,,,,,,,0
XXX-04,,,,,,,,,,,,,,,,,,0
XXX-04,,,,,,,,,,,,,,,,,,0
XXX-04,,,,,,,,,,,,,,,,,,0
XXX-04,,,,,,,,,,,,,,,,,,0
XXX-04,,,,,,,,,,,,,,,,,,0
XXX-04,,,,,,,,,,,,,,,,,,0
XXX-04,,,,,,,,,,,,,,,,,,0
XXX-04,,,,,,,,,,,,,,,,,,0
XXX-04,,,,,,,,,,,,,,,,,,200
XXX-04,,,,,,,,,,,,,,,,,,0
XXX-04,,,,,,,,,,,,,,,,,,0
XXX-04,,,,,,,,,,,,,,,,,,0
XXX-04,,,,,,,,,,,,,,,,,,0
XXX-04,,,,,,,,,,,,,,,,,,0
XXX-04,,,,,,,,,,,,,,,,,,0
XXX-04,,,,,,,,,,,,,,,,,,0
XXX-04,,,,,,,,,,,,,,,,,,0
XXX-04,,,,,,,,,,,,,,,,,,0
XXX-04,,,,,,,,,,,,,,,,,,0
XXX-04,,,,,,,,,,,,,,,,,,0
XXX-04,,,,,,,,,,,,,,,,,,0
XXX-04,,,,,,,,,,,,,,,,,,0
XXX-04,,,,,,,,,,,,,,,,,,0
XXX-04,,,,,,,,,,,,,,,,,,0
XXX-04,,,,,,,,,,,,,,,,,,0
XXX-04,,,,,,,,,,,,,,,,,,30
XXX-04,,,,,,,,,,,,,,,,,,0
XXX-04,,,,,,,,,,,,,,,,,,0
XXX-04,,,,,,,,,,,,,,,,,,0
XXX-04,,,,,,,,,,,,,,,,,,0
XXX-04,,,,,,,,,,,,,,,,,,0
XXX-04,,,,,,,,,,,,,,,,,,0
XXX-04,,,,,,,,,,,,,,,,,,0
XXX-04,,,,,,,,,,,,,,,,,,0
XXX-04,,,,,,,,,,,,,,,,,,0
XXX-04,,,,,,,,,,,,,,,,,,200
XXX-04,,,,,,,,,,,,,,,,,,0
XXX-04,,,,,,,,,,,,,,,,,,0
XXX-04,,,,,,,,,,,,,,,,,,0
XXX-04,,,,,,,,,,,,,,,,,,0
XXX-04,,,,,,,,,,,,,,,,,,300
XXX-04,,,,,,,,,,,,,,,,,,0
XXX-04,,,,,,,,,,,,,,,,,,0
XXX-04,,,,,,,,,,,,,,,,,,0
XXX-04,,,,,,,,,,,,,,,,,,0
XXX-04,,,,,,,,,,,,,,,,,,200
XXX-04,,,,,,,,,,,,,,,,,,0
XXX-04,,,,,,,,,,,,,,,,,,0
XXX-04,,,,,,,,,,,,,,,,,,0
XXX-04,,,,,,,,,,,,,,,,,,0
XXX-04,,,,,,,,,,,,,,,,,,0
XXX-04,,,,,,,,,,,,,,,,,,0
XXX-04,,,,,,,,,,,,,,,,,,0
XXX-04,,,,,,,,,,,,,,,,,,0
XXX-04,,,,,,,,,,,,,,,,,,0
XXX-04,,,,,,,,,,,,,,,,,,0
XXX-04,,,,,,,,,,,,,,,,,,0
XXX-04,,,,,,,,,,,,,,,,,,0
XXX-04,,,,,,,,,,,,,,,,,,0
XXX-04,,,,,,,,,,,,,,,,,,0
XXX-04,,,,,,,,,,,,,,,,,,300
XXX-04,,,,,,,,,,,,,,,,,,0
XXX-04,,,,,,,,,,,,,,,,,,0
XXX-04,,,,,,,,,,,,,,,,,,0
XXX-04,,,,,,,,,,,,,,,,,,0
XXX-04,,,,,,,,,,,,,,,,,,0
XXX-04,,,,,,,,,,,,,,,,,,0
XXX-04,,,,,,,,,,,,,,,,,,0
XXX-04,,,,,,,,,,,,,,,,,,0
XXX-04,,,,,,,,,,,,,,,,,,0
XXX-04,,,,,,,,,,,,,,,,,,0
XXX-04,,,,,,,,,,,,,,,,,,0
XXX-04,,,,,,,,,,,,,,,,,,0
XXX-04,,,,,,,,,,,,,,,,,,0
XXX-04,,,,,,,,,,,,,,,,,,0
XXX-04,,,,,,,,,,,,,,,,,,0
XXX-04,,,,,,,,,,,,,,,,,,0
XXX-04,,,,,,,,,,,,,,,,,,0
XXX-04,,,,,,,,,,,,,,,,,,0
XXX-04,,,,,,,,,,,,,,,,,,0
XXX-04,,,,,,,,,,,,,,,,,,0
XXX-04,,,,,,,,,,,,,,,,,,0
XXX-04,,,,,,,,,,,,,,,,,,0
XXX-04,,,,,,,,,,,,,,,,,,0
XXX-04,,,,,,,,,,,,,,,,,,300
XXX-04,,,,,,,,,,,,,,,,,,0
XXX-04,,,,,,,,,,,,,,,,,,0
XXX-04,,,,,,,,,,,,,,,,,,0
XXX-04,,,,,,,,,,,,,,,,,,0
XXX-04,,,,,,,,,,,,,,,,,,0
XXX-04,,,,,,,,,,,,,,,,,,0
XXX-04,,,,,,,,,,,,,,,,,,0
XXX-04,,,,,,,,,,,,,,,,,,0
XXX-04,,,,,,,,,,,,,,,,,,0
XXX-04,,,,,,,,,,,,,,,,,,0
XXX-04,,,,,,,,,,,,,,,,,,0
XXX-04,,,,,,,,,,,,,,,,,,0
XXX-04,,,,,,,,,,,,,,,,,,0
XXX-04,,,,,,,,,,,,,,,,,,0
XXX-04,,,,,,,,,,,,,,,,,,0
XXX-04,,,,,,,,,,,,,,,,,,0
XXX-04,,,,,,,,,,,,,,,,,,0
XXX-04,,,,,,,,,,,,,,,,,,0
XXX-04,,,,,,,,,,,,,,,,,,0
XXX-04,,,,,,,,,,,,,,,,,,0
XXX-04,,,,,,,,,,,,,,,,,,0
XXX-04,,,,,,,,,,,,,,,,,,0
XXX-04,,,,,,,,,,,,,,,,,,0
XXX-04,,,,,,,,,,,,,,,,,,0
XXX-04,,,,,,,,,,,,,,,,,,0
XXX-04,,,,,,,,,,,,,,,,,,0
XXX-04,,,,,,,,,,,,,,,,,,0
XXX-04,,,,,,,,,,,,,,,,,,0
XXX-04,,,,,,,,,,,,,,,,,,0
XXX-04,,,,,,,,,,,,,,,,,,0
XXX-04,,,,,,,,,,,,,,,,,,0
XXX-04,,,,,,,,,,,,,,,,,,0
XXX-04,,,,,,,,,,,,,,,,,,0
XXX-04,,,,,,,,,,,,,,,,,,0
XXX-04,,,,,,,,,,,,,,,,,,0
XXX-04,,,,,,,,,,,,,,,,,,0
XXX-04,,,,,,,,,,,,,,,,,,0
XXX-04,,,,,,,,,,,,,,,,,,0
XXX-04,,,,,,,,,,,,,,,,,,0
XXX-04,,,,,,,,,,,,,,,,,,0
XXX-04,,,,,,,,,,,,,,,,,,0
XXX-04,,,,,,,,,,,,,,,,,,0
XXX-04,,,,,,,,,,,,,,,,,,0
XXX-04,,,,,,,,,,,,,,,,,,0
XXX-04,,,,,,,,,,,,,,,,,,0
XXX-04,,,,,,,,,,,,,,,,,,0
XXX-04,,,,,,,,,,,,,,,,,,0
XXX-04,,,,,,,,,,,,,,,,,,0
XXX-04,,,,,,,,,,,,,,,,,,0
XXX-04,,,,,,,,,,,,,,,,,,0
XXX-04,,,,,,,,,,,,,,,,,,0
XXX-04,,,,,,,,,,,,,,,,,,0
XXX-04,,,,,,,,,,,,,,,,,,0
XXX-04,,,,,,,,,,,,,,,,,,0
XXX-04,,,,,,,,,,,,,,,,,,0
XXX-04,,,,,,,,,,,,,,,,,,0
XXX-04,,,,,,,,,,,,,,,,,,0
XXX-04,,,,,,,,,,,,,,,,,,0
XXX-04,,,,,,,,,,,,,,,,,,0
XXX-04,,,,,,,,,,,,,,,,,,0
XXX-04,,,,,,,,,,,,,,,,,,0
XXX-04,,,,,,,,,,,,,,,,,,0
XXX-04,,,,,,,,,,,,,,,,,,0
XXX-04,,,,,,,,,,,,,,,,,,0
XXX-04,,,,,,,,,,,,,,,,,,200
XXX-04,,,,,,,,,,,,,,,,,,0
XXX-04,,,,,,,,,,,,,,,,,,0
XXX-04,,,,,,,,,,,,,,,,,,0
XXX-04,,,,,,,,,,,,,,,,,,0
XXX-04,,,,,,,,,,,,,,,,,,360
XXX-04,,,,,,,,,,,,,,,,,,0
XXX-04,,,,,,,,,,,,,,,,,,0
XXX-04,,,,,,,,,,,,,,,,,,0
XXX-04,,,,,,,,,,,,,,,,,,0
XXX-04,,,,,,,,,,,,,,,,,,0
XXX-04,,,,,,,,,,,,,,,,,,0
XXX-04,,,,,,,,,,,,,,,,,,0
XXX-04,,,,,,,,,,,,,,,,,,0
XXX-04,,,,,,,,,,,,,,,,,,0
XXX-04,,,,,,,,,,,,,,,,,,0
XXX-04,,,,,,,,,,,,,,,,,,0
XXX-04,,,,,,,,,,,,,,,,,,0
XXX-04,,,,,,,,,,,,,,,,,,0
XXX-04,,,,,,,,,,,,,,,,,,0
XXX-04,,,,,,,,,,,,,,,,,,0
XXX-04,,,,,,,,,,,,,,,,,,0
XXX-04,,,,,,,,,,,,,,,,,,0
XXX-04,,,,,,,,,,,,,,,,,,0
XXX-04,,,,,,,,,,,,,,,,,,0
XXX-04,,,,,,,,,,,,,,,,,,0
XXX-04,,,,,,,,,,,,,,,,,,0
XXX-04,,,,,,,,,,,,,,,,,,0
XXX-04,,,,,,,,,,,,,,,,,,0
XXX-04,,,,,,,,,,,,,,,,,,0
XXX-04,,,,,,,,,,,,,,,,,,0
XXX-04,,,,,,,,,,,,,,,,,,0
XXX-04,,,,,,,,,,,,,,,,,,0
XXX-04,,,,,,,,,,,,,,,,,,0
XXX-04,,,,,,,,,,,,,,,,,,0
XXX-04,,,,,,,,,,,,,,,,,,0
XXX-04,,,,,,,,,,,,,,,,,,0
XXX-04,,,,,,,,,,,,,,,,,,0
XXX-04,,,,,,,,,,,,,,,,,,0
XXX-04,,,,,,,,,,,,,,,,,,0
XXX-04,,,,,,,,,,,,,,,,,,0
XXX-04,,,,,,,,,,,,,,,,,,0
XXX-04,,,,,,,,,,,,,,,,,,0
XXX-04,,,,,,,,,,,,,,,,,,0
XXX-04,,,,,,,,,,,,,,,,,,0
XXX-04,,,,,,,,,,,,,,,,,,0
XXX-04,,,,,,,,,,,,,,,,,,0
XXX-04,,,,,,,,,,,,,,,,,,0
XXX-04,,,,,,,,,,,,,,,,,,0
XXX-04,,,,,,,,,,,,,,,,,,0
XXX-04,,,,,,,,,,,,,,,,,,0
XXX-04,,,,,,,,,,,,,,,,,,0
XXX-04,,,,,,,,,,,,,,,,,,0
XXX-04,,,,,,,,,,,,,,,,,,0
XXX-04,,,,,,,,,,,,,,,,,,0
XXX-04,,,,,,,,,,,,,,,,,,200
XXX-04,,,,,,,,,,,,,,,,,,0
XXX-04,,,,,,,,,,,,,,,,,,0
XXX-04,,,,,,,,,,,,,,,,,,0
XXX-04,,,,,,,,,,,,,,,,,,0
XXX-04,,,,,,,,,,,,,,,,,,0
XXX-04,,,,,,,,,,,,,,,,,,0
XXX-04,,,,,,,,,,,,,,,,,,0
XXX-04,,,,,,,,,,,,,,,,,,0
XXX-04,,,,,,,,,,,,,,,,,,0
XXX-04,,,,,,,,,,,,,,,,,,0
XXX-04,,,,,,,,,,,,,,,,,,0
XXX-04,,,,,,,,,,,,,,,,,,0
XXX-04,,,,,,,,,,,,,,,,,,0
XXX-04,,,,,,,,,,,,,,,,,,0
XXX-04,,,,,,,,,,,,,,,,,,0
XXX-04,,,,,,,,,,,,,,,,,,0
XXX-04,,,,,,,,,,,,,,,,,,0
XXX-04,,,,,,,,,,,,,,,,,,0
XXX-04,,,,,,,,,,,,,,,,,,0
XXX-04,,,,,,,,,,,,,,,,,,0
XXX-04,,,,,,,,,,,,,,,,,,0
XXX-04,,,,,,,,,,,,,,,,,,0
XXX-04,,,,,,,,,,,,,,,,,,0
XXX-04,,,,,,,,,,,,,,,,,,0
XXX-04,,,,,,,,,,,,,,,,,,0
XXX-04,,,,,,,,,,,,,,,,,,290
XXX-04,,,,,,,,,,,,,,,,,,0
XXX-04,,,,,,,,,,,,,,,,,,0
XXX-04,,,,,,,,,,,,,,,,,,0
XXX-04,,,,,,,,,,,,,,,,,,0
XXX-04,,,,,,,,,,,,,,,,,,0
XXX-04,,,,,,,,,,,,,,,,,,0
XXX-04,,,,,,,,,,,,,,,,,,0
XXX-04,,,,,,,,,,,,,,,,,,0
XXX-04,,,,,,,,,,,,,,,,,,0
XXX-04,,,,,,,,,,,,,,,,,,360
XXX-04,,,,,,,,,,,,,,,,,,0
XXX-04,,,,,,,,,,,,,,,,,,0
XXX-04,,,,,,,,,,,,,,,,,,0
XXX-04,,,,,,,,,,,,,,,,,,0
XXX-04,,,,,,,,,,,,,,,,,,0
XXX-04,,,,,,,,,,,,,,,,,,0
XXX-04,,,,,,,,,,,,,,,,,,0
XXX-04,,,,,,,,,,,,,,,,,,0
XXX-04,,,,,,,,,,,,,,,,,,0
XXX-04,,,,,,,,,,,,,,,,,,0
XXX-04,,,,,,,,,,,,,,,,,,0
XXX-04,,,,,,,,,,,,,,,,,,0
XXX-04,,,,,,,,,,,,,,,,,,0
XXX-04,,,,,,,,,,,,,,,,,,0
XXX-04,,,,,,,,,,,,,,,,,,0
XXX-04,,,,,,,,,,,,,,,,,,0
XXX-04,,,,,,,,,,,,,,,,,,0
XXX-04,,,,,,,,,,,,,,,,,,0
XXX-04,,,,,,,,,,,,,,,,,,0
XXX-04,,,,,,,,,,,,,,,,,,0
XXX-04,,,,,,,,,,,,,,,,,,0
XXX-04,,,,,,,,,,,,,,,,,,0
XXX-04,,,,,,,,,,,,,,,,,,0
XXX-04,,,,,,,,,,,,,,,,,,0
XXX-04,,,,,,,,,,,,,,,,,,0
XXX-04,,,,,,,,,,,,,,,,,,0
XXX-05,,,,,,,,,,,,,,,,,,0
XXX-05,,,,,,,,,,,,,,,,,,0
XXX-05,,,,,,,,,,,,,,,,,,0
XXX-05,,,,,,,,,,,,,,,,,,48.2
XXX-05,,,,,,,,,,,,,,,,,,0
XXX-05,,,,,,,,,,,,,,,,,,0
XXX-05,,,,,,,,,,,,,,,,,,0
XXX-05,,,,,,,,,,,,,,,,,,0
XXX-05,,,,,,,,,,,,,,,,,,276.9
XXX-05,,,,,,,,,,,,,,,,,,0
XXX-05,,,,,,,,,,,,,,,,,,0
XXX-05,,,,,,,,,,,,,,,,,,0
XXX-05,,,,,,,,,,,,,,,,,,0
XXX-05,,,,,,,,,,,,,,,,,,74.8
XXX-05,,,,,,,,,,,,,,,,,,0
XXX-05,,,,,,,,,,,,,,,,,,0
XXX-05,,,,,,,,,,,,,,,,,,0
XXX-05,,,,,,,,,,,,,,,,,,0
XXX-05,,,,,,,,,,,,,,,,,,53.7
XXX-05,,,,,,,,,,,,,,,,,,0
XXX-05,,,,,,,,,,,,,,,,,,0
XXX-05,,,,,,,,,,,,,,,,,,0
XXX-05,,,,,,,,,,,,,,,,,,0
XXX-05,,,,,,,,,,,,,,,,,,124.6
XXX-05,,,,,,,,,,,,,,,,,,0
XXX-05,,,,,,,,,,,,,,,,,,0
XXX-05,,,,,,,,,,,,,,,,,,0
XXX-05,,,,,,,,,,,,,,,,,,0
XXX-05,,,,,,,,,,,,,,,,,,0
XXX-05,,,,,,,,,,,,,,,,,,0
XXX-05,,,,,,,,,,,,,,,,,,0
XXX-05,,,,,,,,,,,,,,,,,,0
XXX-05,,,,,,,,,,,,,,,,,,0
XXX-05,,,,,,,,,,,,,,,,,,46.2
XXX-05,,,,,,,,,,,,,,,,,,0
XXX-05,,,,,,,,,,,,,,,,,,0
XXX-05,,,,,,,,,,,,,,,,,,0
XXX-05,,,,,,,,,,,,,,,,,,0
XXX-05,,,,,,,,,,,,,,,,,,121.4
XXX-05,,,,,,,,,,,,,,,,,,0
XXX-05,,,,,,,,,,,,,,,,,,0
XXX-05,,,,,,,,,,,,,,,,,,0
XXX-05,,,,,,,,,,,,,,,,,,0
XXX-05,,,,,,,,,,,,,,,,,,57.9
XXX-05,,,,,,,,,,,,,,,,,,0
XXX-05,,,,,,,,,,,,,,,,,,0
XXX-05,,,,,,,,,,,,,,,,,,0
XXX-05,,,,,,,,,,,,,,,,,,0
XXX-05,,,,,,,,,,,,,,,,,,0
XXX-05,,,,,,,,,,,,,,,,,,0
XXX-05,,,,,,,,,,,,,,,,,,0
XXX-05,,,,,,,,,,,,,,,,,,0
XXX-05,,,,,,,,,,,,,,,,,,0
XXX-05,,,,,,,,,,,,,,,,,,70.9
XXX-05,,,,,,,,,,,,,,,,,,0
XXX-05,,,,,,,,,,,,,,,,,,0
XXX-05,,,,,,,,,,,,,,,,,,0
XXX-05,,,,,,,,,,,,,,,,,,0
XXX-05,,,,,,,,,,,,,,,,,,92.3
XXX-05,,,,,,,,,,,,,,,,,,0
XXX-05,,,,,,,,,,,,,,,,,,0
XXX-05,,,,,,,,,,,,,,,,,,0
XXX-05,,,,,,,,,,,,,,,,,,0
XXX-05,,,,,,,,,,,,,,,,,,60.9
XXX-05,,,,,,,,,,,,,,,,,,0
XXX-05,,,,,,,,,,,,,,,,,,0
XXX-05,,,,,,,,,,,,,,,,,,0
XXX-05,,,,,,,,,,,,,,,,,,0
XXX-05,,,,,,,,,,,,,,,,,,125
XXX-05,,,,,,,,,,,,,,,,,,0
XXX-05,,,,,,,,,,,,,,,,,,0
XXX-05,,,,,,,,,,,,,,,,,,0
XXX-05,,,,,,,,,,,,,,,,,,0
XXX-05,,,,,,,,,,,,,,,,,,0
XXX-05,,,,,,,,,,,,,,,,,,0
XXX-05,,,,,,,,,,,,,,,,,,0
XXX-05,,,,,,,,,,,,,,,,,,0
XXX-05,,,,,,,,,,,,,,,,,,0
XXX-05,,,,,,,,,,,,,,,,,,39.2
XXX-05,,,,,,,,,,,,,,,,,,0
XXX-05,,,,,,,,,,,,,,,,,,0
XXX-05,,,,,,,,,,,,,,,,,,0
XXX-05,,,,,,,,,,,,,,,,,,0
XXX-05,,,,,,,,,,,,,,,,,,47.1
XXX-05,,,,,,,,,,,,,,,,,,0
XXX-05,,,,,,,,,,,,,,,,,,0
XXX-05,,,,,,,,,,,,,,,,,,0
XXX-05,,,,,,,,,,,,,,,,,,0
XXX-05,,,,,,,,,,,,,,,,,,0
XXX-05,,,,,,,,,,,,,,,,,,0
XXX-05,,,,,,,,,,,,,,,,,,0
XXX-05,,,,,,,,,,,,,,,,,,0
XXX-05,,,,,,,,,,,,,,,,,,0
XXX-05,,,,,,,,,,,,,,,,,,347.6
XXX-05,,,,,,,,,,,,,,,,,,0
XXX-05,,,,,,,,,,,,,,,,,,0
XXX-05,,,,,,,,,,,,,,,,,,0
XXX-05,,,,,,,,,,,,,,,,,,0
XXX-05,,,,,,,,,,,,,,,,,,98.3
XXX-05,,,,,,,,,,,,,,,,,,0
XXX-05,,,,,,,,,,,,,,,,,,0
XXX-05,,,,,,,,,,,,,,,,,,0
XXX-05,,,,,,,,,,,,,,,,,,0
XXX-05,,,,,,,,,,,,,,,,,,68.1
XXX-05,,,,,,,,,,,,,,,,,,0
XXX-05,,,,,,,,,,,,,,,,,,0
XXX-05,,,,,,,,,,,,,,,,,,0
XXX-05,,,,,,,,,,,,,,,,,,0
XXX-05,,,,,,,,,,,,,,,,,,92.7
XXX-05,,,,,,,,,,,,,,,,,,0
XXX-05,,,,,,,,,,,,,,,,,,0
XXX-05,,,,,,,,,,,,,,,,,,0
XXX-05,,,,,,,,,,,,,,,,,,0
XXX-05,,,,,,,,,,,,,,,,,,0
XXX-05,,,,,,,,,,,,,,,,,,0
XXX-05,,,,,,,,,,,,,,,,,,0
XXX-05,,,,,,,,,,,,,,,,,,0
XXX-05,,,,,,,,,,,,,,,,,,0
XXX-05,,,,,,,,,,,,,,,,,,118.1
XXX-05,,,,,,,,,,,,,,,,,,0
XXX-05,,,,,,,,,,,,,,,,,,0
XXX-05,,,,,,,,,,,,,,,,,,0
XXX-05,,,,,,,,,,,,,,,,,,0
XXX-05,,,,,,,,,,,,,,,,,,85.3
XXX-05,,,,,,,,,,,,,,,,,,0
XXX-05,,,,,,,,,,,,,,,,,,0
XXX-05,,,,,,,,,,,,,,,,,,0
XXX-05,,,,,,,,,,,,,,,,,,0
XXX-05,,,,,,,,,,,,,,,,,,0
XXX-05,,,,,,,,,,,,,,,,,,0
XXX-05,,,,,,,,,,,,,,,,,,0
XXX-05,,,,,,,,,,,,,,,,,,0
XXX-05,,,,,,,,,,,,,,,,,,0
XXX-05,,,,,,,,,,,,,,,,,,95
XXX-05,,,,,,,,,,,,,,,,,,0
XXX-05,,,,,,,,,,,,,,,,,,0
XXX-05,,,,,,,,,,,,,,,,,,0
XXX-05,,,,,,,,,,,,,,,,,,0
XXX-05,,,,,,,,,,,,,,,,,,0
XXX-05,,,,,,,,,,,,,,,,,,0
XXX-05,,,,,,,,,,,,,,,,,,0
XXX-05,,,,,,,,,,,,,,,,,,0
XXX-05,,,,,,,,,,,,,,,,,,0
XXX-05,,,,,,,,,,,,,,,,,,0
XXX-05,,,,,,,,,,,,,,,,,,0
XXX-05,,,,,,,,,,,,,,,,,,0
XXX-05,,,,,,,,,,,,,,,,,,0
XXX-05,,,,,,,,,,,,,,,,,,0
XXX-05,,,,,,,,,,,,,,,,,,215
XXX-05,,,,,,,,,,,,,,,,,,0
XXX-05,,,,,,,,,,,,,,,,,,0
XXX-05,,,,,,,,,,,,,,,,,,0
XXX-05,,,,,,,,,,,,,,,,,,0
XXX-05,,,,,,,,,,,,,,,,,,0
XXX-05,,,,,,,,,,,,,,,,,,0
XXX-05,,,,,,,,,,,,,,,,,,0
XXX-05,,,,,,,,,,,,,,,,,,0
XXX-05,,,,,,,,,,,,,,,,,,0
XXX-05,,,,,,,,,,,,,,,,,,0
XXX-05,,,,,,,,,,,,,,,,,,0
XXX-05,,,,,,,,,,,,,,,,,,0
XXX-05,,,,,,,,,,,,,,,,,,0
XXX-05,,,,,,,,,,,,,,,,,,0
XXX-05,,,,,,,,,,,,,,,,,,0
XXX-05,,,,,,,,,,,,,,,,,,0
XXX-05,,,,,,,,,,,,,,,,,,0
XXX-05,,,,,,,,,,,,,,,,,,0
XXX-05,,,,,,,,,,,,,,,,,,0
XXX-05,,,,,,,,,,,,,,,,,,0
XXX-05,,,,,,,,,,,,,,,,,,0
XXX-05,,,,,,,,,,,,,,,,,,0
XXX-05,,,,,,,,,,,,,,,,,,0
XXX-05,,,,,,,,,,,,,,,,,,0
XXX-05,,,,,,,,,,,,,,,,,,0
XXX-05,,,,,,,,,,,,,,,,,,0
XXX-05,,,,,,,,,,,,,,,,,,0
XXX-05,,,,,,,,,,,,,,,,,,0
XXX-05,,,,,,,,,,,,,,,,,,0
XXX-05,,,,,,,,,,,,,,,,,,0
XXX-05,,,,,,,,,,,,,,,,,,0
XXX-05,,,,,,,,,,,,,,,,,,0
XXX-05,,,,,,,,,,,,,,,,,,0
XXX-05,,,,,,,,,,,,,,,,,,0
XXX-05,,,,,,,,,,,,,,,,,,0
XXX-05,,,,,,,,,,,,,,,,,,0
XXX-05,,,,,,,,,,,,,,,,,,0
XXX-05,,,,,,,,,,,,,,,,,,0
XXX-05,,,,,,,,,,,,,,,,,,0
XXX-05,,,,,,,,,,,,,,,,,,0
XXX-05,,,,,,,,,,,,,,,,,,0
XXX-05,,,,,,,,,,,,,,,,,,0
XXX-05,,,,,,,,,,,,,,,,,,0
XXX-05,,,,,,,,,,,,,,,,,,0
XXX-05,,,,,,,,,,,,,,,,,,0
XXX-05,,,,,,,,,,,,,,,,,,0
XXX-05,,,,,,,,,,,,,,,,,,0
XXX-05,,,,,,,,,,,,,,,,,,0
XXX-05,,,,,,,,,,,,,,,,,,0
XXX-05,,,,,,,,,,,,,,,,,,0
XXX-05,,,,,,,,,,,,,,,,,,0
XXX-05,,,,,,,,,,,,,,,,,,0
XXX-05,,,,,,,,,,,,,,,,,,0
XXX-05,,,,,,,,,,,,,,,,,,0
XXX-05,,,,,,,,,,,,,,,,,,0
XXX-05,,,,,,,,,,,,,,,,,,0
XXX-05,,,,,,,,,,,,,,,,,,0
XXX-05,,,,,,,,,,,,,,,,,,0
XXX-05,,,,,,,,,,,,,,,,,,0
XXX-05,,,,,,,,,,,,,,,,,,0
XXX-05,,,,,,,,,,,,,,,,,,0
XXX-05,,,,,,,,,,,,,,,,,,0
XXX-05,,,,,,,,,,,,,,,,,,0
XXX-05,,,,,,,,,,,,,,,,,,0
XXX-05,,,,,,,,,,,,,,,,,,0
XXX-05,,,,,,,,,,,,,,,,,,0
XXX-05,,,,,,,,,,,,,,,,,,0
XXX-05,,,,,,,,,,,,,,,,,,0
XXX-05,,,,,,,,,,,,,,,,,,0
XXX-05,,,,,,,,,,,,,,,,,,0
XXX-05,,,,,,,,,,,,,,,,,,0
XXX-05,,,,,,,,,,,,,,,,,,0
XXX-05,,,,,,,,,,,,,,,,,,0
XXX-05,,,,,,,,,,,,,,,,,,0
XXX-05,,,,,,,,,,,,,,,,,,0
XXX-05,,,,,,,,,,,,,,,,,,0
XXX-05,,,,,,,,,,,,,,,,,,0
XXX-05,,,,,,,,,,,,,,,,,,0
XXX-05,,,,,,,,,,,,,,,,,,0
XXX-05,,,,,,,,,,,,,,,,,,0
XXX-05,,,,,,,,,,,,,,,,,,0
XXX-05,,,,,,,,,,,,,,,,,,0
XXX-05,,,,,,,,,,,,,,,,,,0
XXX-05,,,,,,,,,,,,,,,,,,0
XXX-05,,,,,,,,,,,,,,,,,,0
XXX-05,,,,,,,,,,,,,,,,,,0
XXX-05,,,,,,,,,,,,,,,,,,0
XXX-05,,,,,,,,,,,,,,,,,,0
XXX-05,,,,,,,,,,,,,,,,,,0
XXX-05,,,,,,,,,,,,,,,,,,0
XXX-05,,,,,,,,,,,,,,,,,,0
XXX-05,,,,,,,,,,,,,,,,,,0
XXX-05,,,,,,,,,,,,,,,,,,0
XXX-05,,,,,,,,,,,,,,,,,,0
XXX-05,,,,,,,,,,,,,,,,,,0
XXX-05,,,,,,,,,,,,,,,,,,0
XXX-05,,,,,,,,,,,,,,,,,,0
XXX-05,,,,,,,,,,,,,,,,,,0
XXX-05,,,,,,,,,,,,,,,,,,0
XXX-05,,,,,,,,,,,,,,,,,,0
XXX-05,,,,,,,,,,,,,,,,,,0
XXX-05,,,,,,,,,,,,,,,,,,0
XXX-05,,,,,,,,,,,,,,,,,,0
XXX-05,,,,,,,,,,,,,,,,,,0
XXX-05,,,,,,,,,,,,,,,,,,210
XXX-05,,,,,,,,,,,,,,,,,,0
XXX-05,,,,,,,,,,,,,,,,,,0
XXX-05,,,,,,,,,,,,,,,,,,0
XXX-05,,,,,,,,,,,,,,,,,,0
XXX-05,,,,,,,,,,,,,,,,,,90.6
XXX-05,,,,,,,,,,,,,,,,,,0
XXX-05,,,,,,,,,,,,,,,,,,0
XXX-05,,,,,,,,,,,,,,,,,,0
XXX-05,,,,,,,,,,,,,,,,,,0
XXX-05,,,,,,,,,,,,,,,,,,0
XXX-05,,,,,,,,,,,,,,,,,,0
XXX-05,,,,,,,,,,,,,,,,,,0
XXX-05,,,,,,,,,,,,,,,,,,0
XXX-05,,,,,,,,,,,,,,,,,,0
XXX-05,,,,,,,,,,,,,,,,,,0
XXX-05,,,,,,,,,,,,,,,,,,0
XXX-05,,,,,,,,,,,,,,,,,,0
XXX-05,,,,,,,,,,,,,,,,,,0
XXX-05,,,,,,,,,,,,,,,,,,0
XXX-05,,,,,,,,,,,,,,,,,,0
XXX-05,,,,,,,,,,,,,,,,,,0
XXX-05,,,,,,,,,,,,,,,,,,0
XXX-05,,,,,,,,,,,,,,,,,,0
XXX-05,,,,,,,,,,,,,,,,,,0
XXX-05,,,,,,,,,,,,,,,,,,0
XXX-05,,,,,,,,,,,,,,,,,,0
XXX-05,,,,,,,,,,,,,,,,,,0
XXX-05,,,,,,,,,,,,,,,,,,0
XXX-05,,,,,,,,,,,,,,,,,,0
XXX-05,,,,,,,,,,,,,,,,,,0
XXX-05,,,,,,,,,,,,,,,,,,0
XXX-05,,,,,,,,,,,,,,,,,,0
XXX-05,,,,,,,,,,,,,,,,,,0
XXX-05,,,,,,,,,,,,,,,,,,0
XXX-05,,,,,,,,,,,,,,,,,,0
XXX-05,,,,,,,,,,,,,,,,,,0
XXX-05,,,,,,,,,,,,,,,,,,0
XXX-05,,,,,,,,,,,,,,,,,,0
XXX-05,,,,,,,,,,,,,,,,,,0
XXX-05,,,,,,,,,,,,,,,,,,0
XXX-05,,,,,,,,,,,,,,,,,,0
XXX-05,,,,,,,,,,,,,,,,,,0
XXX-05,,,,,,,,,,,,,,,,,,0
XXX-05,,,,,,,,,,,,,,,,,,0
XXX-05,,,,,,,,,,,,,,,,,,0
XXX-05,,,,,,,,,,,,,,,,,,0
XXX-05,,,,,,,,,,,,,,,,,,0
XXX-05,,,,,,,,,,,,,,,,,,0
XXX-05,,,,,,,,,,,,,,,,,,0
XXX-05,,,,,,,,,,,,,,,,,,0
XXX-05,,,,,,,,,,,,,,,,,,0
XXX-05,,,,,,,,,,,,,,,,,,0
XXX-05,,,,,,,,,,,,,,,,,,0
XXX-05,,,,,,,,,,,,,,,,,,0
XXX-05,,,,,,,,,,,,,,,,,,0
XXX-05,,,,,,,,,,,,,,,,,,0
XXX-05,,,,,,,,,,,,,,,,,,0
XXX-05,,,,,,,,,,,,,,,,,,0
XXX-05,,,,,,,,,,,,,,,,,,0
XXX-05,,,,,,,,,,,,,,,,,,0
XXX-05,,,,,,,,,,,,,,,,,,0
XXX-05,,,,,,,,,,,,,,,,,,0
XXX-05,,,,,,,,,,,,,,,,,,0
XXX-05,,,,,,,,,,,,,,,,,,0
XXX-05,,,,,,,,,,,,,,,,,,0
XXX-05,,,,,,,,,,,,,,,,,,0
XXX-05,,,,,,,,,,,,,,,,,,0
XXX-05,,,,,,,,,,,,,,,,,,0
XXX-05,,,,,,,,,,,,,,,,,,0
XXX-05,,,,,,,,,,,,,,,,,,0
XXX-05,,,,,,,,,,,,,,,,,,0
XXX-05,,,,,,,,,,,,,,,,,,0
XXX-05,,,,,,,,,,,,,,,,,,0
XXX-05,,,,,,,,,,,,,,,,,,0
XXX-05,,,,,,,,,,,,,,,,,,0
XXX-05,,,,,,,,,,,,,,,,,,0
XXX-05,,,,,,,,,,,,,,,,,,0
XXX-05,,,,,,,,,,,,,,,,,,0
XXX-05,,,,,,,,,,,,,,,,,,0
XXX-05,,,,,,,,,,,,,,,,,,0
XXX-05,,,,,,,,,,,,,,,,,,0
XXX-05,,,,,,,,,,,,,,,,,,0
XXX-05,,,,,,,,,,,,,,,,,,0
XXX-05,,,,,,,,,,,,,,,,,,0
XXX-05,,,,,,,,,,,,,,,,,,0
XXX-05,,,,,,,,,,,,,,,,,,0
XXX-05,,,,,,,,,,,,,,,,,,0
XXX-05,,,,,,,,,,,,,,,,,,0
XXX-05,,,,,,,,,,,,,,,,,,0
XXX-05,,,,,,,,,,,,,,,,,,0
XXX-05,,,,,,,,,,,,,,,,,,0
XXX-05,,,,,,,,,,,,,,,,,,0
XXX-05,,,,,,,,,,,,,,,,,,0
XXX-05,,,,,,,,,,,,,,,,,,0
XXX-05,,,,,,,,,,,,,,,,,,0
XXX-05,,,,,,,,,,,,,,,,,,0
XXX-05,,,,,,,,,,,,,,,,,,0
XXX-05,,,,,,,,,,,,,,,,,,0
XXX-05,,,,,,,,,,,,,,,,,,0
XXX-05,,,,,,,,,,,,,,,,,,0
XXX-05,,,,,,,,,,,,,,,,,,0
XXX-05,,,,,,,,,,,,,,,,,,0
XXX-05,,,,,,,,,,,,,,,,,,0
XXX-05,,,,,,,,,,,,,,,,,,0
XXX-05,,,,,,,,,,,,,,,,,,0
XXX-05,,,,,,,,,,,,,,,,,,0
XXX-05,,,,,,,,,,,,,,,,,,0
XXX-05,,,,,,,,,,,,,,,,,,0
XXX-05,,,,,,,,,,,,,,,,,,0
XXX-05,,,,,,,,,,,,,,,,,,0
XXX-05,,,,,,,,,,,,,,,,,,0
XXX-05,,,,,,,,,,,,,,,,,,0
XXX-05,,,,,,,,,,,,,,,,,,0
XXX-05,,,,,,,,,,,,,,,,,,0
XXX-05,,,,,,,,,,,,,,,,,,0
XXX-05,,,,,,,,,,,,,,,,,,0
XXX-05,,,,,,,,,,,,,,,,,,0
XXX-05,,,,,,,,,,,,,,,,,,0
XXX-05,,,,,,,,,,,,,,,,,,0
XXX-05,,,,,,,,,,,,,,,,,,0
XXX-05,,,,,,,,,,,,,,,,,,0
XXX-05,,,,,,,,,,,,,,,,,,0
XXX-05,,,,,,,,,,,,,,,,,,0
XXX-05,,,,,,,,,,,,,,,,,,0
XXX-05,,,,,,,,,,,,,,,,,,0
XXX-05,,,,,,,,,,,,,,,,,,0
XXX-05,,,,,,,,,,,,,,,,,,0
XXX-05,,,,,,,,,,,,,,,,,,0
XXX-05,,,,,,,,,,,,,,,,,,0
XXX-05,,,,,,,,,,,,,,,,,,0
XXX-05,,,,,,,,,,,,,,,,,,0
XXX-05,,,,,,,,,,,,,,,,,,0
XXX-05,,,,,,,,,,,,,,,,,,0
XXX-05,,,,,,,,,,,,,,,,,,0
XXX-05,,,,,,,,,,,,,,,,,,0
XXX-05,,,,,,,,,,,,,,,,,,0
XXX-05,,,,,,,,,,,,,,,,,,0
XXX-05,,,,,,,,,,,,,,,,,,0
XXX-05,,,,,,,,,,,,,,,,,,0
XXX-05,,,,,,,,,,,,,,,,,,191.47
XXX-05,,,,,,,,,,,,,,,,,,0
XXX-05,,,,,,,,,,,,,,,,,,0
XXX-05,,,,,,,,,,,,,,,,,,0
XXX-05,,,,,,,,,,,,,,,,,,240.5
XXX-05,,,,,,,,,,,,,,,,,,0
XXX-05,,,,,,,,,,,,,,,,,,0
XXX-05,,,,,,,,,,,,,,,,,,0
XXX-05,,,,,,,,,,,,,,,,,,0
XXX-05,,,,,,,,,,,,,,,,,,0
XXX-05,,,,,,,,,,,,,,,,,,0
XXX-05,,,,,,,,,,,,,,,,,,0
XXX-05,,,,,,,,,,,,,,,,,,0
XXX-05,,,,,,,,,,,,,,,,,,0
XXX-05,,,,,,,,,,,,,,,,,,0
XXX-05,,,,,,,,,,,,,,,,,,0
XXX-05,,,,,,,,,,,,,,,,,,0
XXX-05,,,,,,,,,,,,,,,,,,0
XXX-05,,,,,,,,,,,,,,,,,,0
XXX-05,,,,,,,,,,,,,,,,,,0
XXX-05,,,,,,,,,,,,,,,,,,0
XXX-05,,,,,,,,,,,,,,,,,,0
XXX-05,,,,,,,,,,,,,,,,,,0
XXX-05,,,,,,,,,,,,,,,,,,0
XXX-05,,,,,,,,,,,,,,,,,,0
XXX-05,,,,,,,,,,,,,,,,,,0
XXX-05,,,,,,,,,,,,,,,,,,0
XXX-05,,,,,,,,,,,,,,,,,,0
XXX-05,,,,,,,,,,,,,,,,,,0
XXX-05,,,,,,,,,,,,,,,,,,0
XXX-05,,,,,,,,,,,,,,,,,,0
XXX-05,,,,,,,,,,,,,,,,,,0
XXX-05,,,,,,,,,,,,,,,,,,0
XXX-05,,,,,,,,,,,,,,,,,,0
XXX-05,,,,,,,,,,,,,,,,,,0
XXX-05,,,,,,,,,,,,,,,,,,0
XXX-05,,,,,,,,,,,,,,,,,,0
XXX-05,,,,,,,,,,,,,,,,,,0
XXX-05,,,,,,,,,,,,,,,,,,0
XXX-05,,,,,,,,,,,,,,,,,,0
XXX-05,,,,,,,,,,,,,,,,,,0
XXX-05,,,,,,,,,,,,,,,,,,0
XXX-05,,,,,,,,,,,,,,,,,,0
XXX-05,,,,,,,,,,,,,,,,,,0
XXX-05,,,,,,,,,,,,,,,,,,0
XXX-05,,,,,,,,,,,,,,,,,,0
XXX-05,,,,,,,,,,,,,,,,,,0
XXX-05,,,,,,,,,,,,,,,,,,0
XXX-05,,,,,,,,,,,,,,,,,,0
XXX-05,,,,,,,,,,,,,,,,,,0
XXX-05,,,,,,,,,,,,,,,,,,0
XXX-05,,,,,,,,,,,,,,,,,,0
XXX-05,,,,,,,,,,,,,,,,,,0
XXX-05,,,,,,,,,,,,,,,,,,0
XXX-05,,,,,,,,,,,,,,,,,,0
XXX-05,,,,,,,,,,,,,,,,,,0
XXX-05,,,,,,,,,,,,,,,,,,0
XXX-05,,,,,,,,,,,,,,,,,,0
XXX-05,,,,,,,,,,,,,,,,,,0
XXX-05,,,,,,,,,,,,,,,,,,0
XXX-05,,,,,,,,,,,,,,,,,,0
XXX-05,,,,,,,,,,,,,,,,,,0
XXX-05,,,,,,,,,,,,,,,,,,0
XXX-05,,,,,,,,,,,,,,,,,,0
XXX-05,,,,,,,,,,,,,,,,,,0
XXX-05,,,,,,,,,,,,,,,,,,0
XXX-05,,,,,,,,,,,,,,,,,,0
XXX-05,,,,,,,,,,,,,,,,,,0
XXX-05,,,,,,,,,,,,,,,,,,0
XXX-05,,,,,,,,,,,,,,,,,,0
XXX-05,,,,,,,,,,,,,,,,,,0
XXX-05,,,,,,,,,,,,,,,,,,0
XXX-05,,,,,,,,,,,,,,,,,,0
XXX-05,,,,,,,,,,,,,,,,,,0
XXX-05,,,,,,,,,,,,,,,,,,0
XXX-05,,,,,,,,,,,,,,,,,,0
XXX-05,,,,,,,,,,,,,,,,,,0
XXX-05,,,,,,,,,,,,,,,,,,0
XXX-05,,,,,,,,,,,,,,,,,,0
XXX-05,,,,,,,,,,,,,,,,,,0
XXX-05,,,,,,,,,,,,,,,,,,0
XXX-05,,,,,,,,,,,,,,,,,,0
XXX-05,,,,,,,,,,,,,,,,,,0
XXX-05,,,,,,,,,,,,,,,,,,0
XXX-05,,,,,,,,,,,,,,,,,,0
XXX-05,,,,,,,,,,,,,,,,,,0
XXX-05,,,,,,,,,,,,,,,,,,0
XXX-05,,,,,,,,,,,,,,,,,,0
XXX-05,,,,,,,,,,,,,,,,,,0
XXX-05,,,,,,,,,,,,,,,,,,0
XXX-05,,,,,,,,,,,,,,,,,,0
XXX-05,,,,,,,,,,,,,,,,,,0
XXX-05,,,,,,,,,,,,,,,,,,0
XXX-05,,,,,,,,,,,,,,,,,,0
XXX-05,,,,,,,,,,,,,,,,,,0
XXX-05,,,,,,,,,,,,,,,,,,0
XXX-05,,,,,,,,,,,,,,,,,,0
XXX-05,,,,,,,,,,,,,,,,,,0
XXX-05,,,,,,,,,,,,,,,,,,0
XXX-05,,,,,,,,,,,,,,,,,,0
XXX-05,,,,,,,,,,,,,,,,,,97.13
XXX-05,,,,,,,,,,,,,,,,,,0
XXX-05,,,,,,,,,,,,,,,,,,0
XXX-05,,,,,,,,,,,,,,,,,,0
XXX-05,,,,,,,,,,,,,,,,,,0
XXX-05,,,,,,,,,,,,,,,,,,250.92
XXX-05,,,,,,,,,,,,,,,,,,0
XXX-05,,,,,,,,,,,,,,,,,,0
XXX-05,,,,,,,,,,,,,,,,,,0
XXX-05,,,,,,,,,,,,,,,,,,0
XXX-05,,,,,,,,,,,,,,,,,,129.77
XXX-05,,,,,,,,,,,,,,,,,,0
XXX-05,,,,,,,,,,,,,,,,,,0
XXX-05,,,,,,,,,,,,,,,,,,0
XXX-05,,,,,,,,,,,,,,,,,,0
XXX-05,,,,,,,,,,,,,,,,,,0
XXX-05,,,,,,,,,,,,,,,,,,0
XXX-05,,,,,,,,,,,,,,,,,,0
XXX-05,,,,,,,,,,,,,,,,,,0
XXX-05,,,,,,,,,,,,,,,,,,0
XXX-05,,,,,,,,,,,,,,,,,,0
XXX-05,,,,,,,,,,,,,,,,,,0
XXX-05,,,,,,,,,,,,,,,,,,0
XXX-05,,,,,,,,,,,,,,,,,,0
XXX-05,,,,,,,,,,,,,,,,,,0
XXX-05,,,,,,,,,,,,,,,,,,0
XXX-05,,,,,,,,,,,,,,,,,,0
XXX-05,,,,,,,,,,,,,,,,,,0
XXX-05,,,,,,,,,,,,,,,,,,0
XXX-05,,,,,,,,,,,,,,,,,,0
XXX-05,,,,,,,,,,,,,,,,,,157.78
XXX-05,,,,,,,,,,,,,,,,,,0
XXX-05,,,,,,,,,,,,,,,,,,0
XXX-05,,,,,,,,,,,,,,,,,,0
XXX-05,,,,,,,,,,,,,,,,,,0
XXX-05,,,,,,,,,,,,,,,,,,163.17
XXX-05,,,,,,,,,,,,,,,,,,0
XXX-05,,,,,,,,,,,,,,,,,,0
XXX-05,,,,,,,,,,,,,,,,,,0
XXX-05,,,,,,,,,,,,,,,,,,0
XXX-05,,,,,,,,,,,,,,,,,,0
XXX-05,,,,,,,,,,,,,,,,,,0
XXX-05,,,,,,,,,,,,,,,,,,0
XXX-05,,,,,,,,,,,,,,,,,,0
XXX-05,,,,,,,,,,,,,,,,,,0
XXX-05,,,,,,,,,,,,,,,,,,0
XXX-05,,,,,,,,,,,,,,,,,,0
XXX-05,,,,,,,,,,,,,,,,,,0
XXX-05,,,,,,,,,,,,,,,,,,0
XXX-05,,,,,,,,,,,,,,,,,,0
XXX-05,,,,,,,,,,,,,,,,,,0
XXX-05,,,,,,,,,,,,,,,,,,0
XXX-05,,,,,,,,,,,,,,,,,,0
XXX-05,,,,,,,,,,,,,,,,,,0
XXX-05,,,,,,,,,,,,,,,,,,0
XXX-05,,,,,,,,,,,,,,,,,,0
XXX-05,,,,,,,,,,,,,,,,,,0
XXX-05,,,,,,,,,,,,,,,,,,0
XXX-05,,,,,,,,,,,,,,,,,,0
XXX-05,,,,,,,,,,,,,,,,,,0
XXX-05,,,,,,,,,,,,,,,,,,0
XXX-05,,,,,,,,,,,,,,,,,,0
XXX-05,,,,,,,,,,,,,,,,,,0
XXX-05,,,,,,,,,,,,,,,,,,0
XXX-05,,,,,,,,,,,,,,,,,,0
XXX-05,,,,,,,,,,,,,,,,,,0
XXX-05,,,,,,,,,,,,,,,,,,0
XXX-05,,,,,,,,,,,,,,,,,,0
XXX-05,,,,,,,,,,,,,,,,,,0
XXX-05,,,,,,,,,,,,,,,,,,0
XXX-05,,,,,,,,,,,,,,,,,,0
XXX-05,,,,,,,,,,,,,,,,,,0
XXX-05,,,,,,,,,,,,,,,,,,0
XXX-05,,,,,,,,,,,,,,,,,,0
XXX-05,,,,,,,,,,,,,,,,,,0
XXX-05,,,,,,,,,,,,,,,,,,128.52
XXX-05,,,,,,,,,,,,,,,,,,0
XXX-05,,,,,,,,,,,,,,,,,,0
XXX-05,,,,,,,,,,,,,,,,,,0
XXX-05,,,,,,,,,,,,,,,,,,0
XXX-05,,,,,,,,,,,,,,,,,,150.82
XXX-05,,,,,,,,,,,,,,,,,,0
XXX-05,,,,,,,,,,,,,,,,,,0
XXX-05,,,,,,,,,,,,,,,,,,0
XXX-05,,,,,,,,,,,,,,,,,,0
XXX-05,,,,,,,,,,,,,,,,,,0
XXX-05,,,,,,,,,,,,,,,,,,0
XXX-05,,,,,,,,,,,,,,,,,,0
XXX-05,,,,,,,,,,,,,,,,,,0
XXX-05,,,,,,,,,,,,,,,,,,0
XXX-05,,,,,,,,,,,,,,,,,,0
XXX-05,,,,,,,,,,,,,,,,,,0
XXX-05,,,,,,,,,,,,,,,,,,0
XXX-05,,,,,,,,,,,,,,,,,,0
XXX-05,,,,,,,,,,,,,,,,,,0
XXX-05,,,,,,,,,,,,,,,,,,0
XXX-05,,,,,,,,,,,,,,,,,,0
XXX-05,,,,,,,,,,,,,,,,,,0
XXX-05,,,,,,,,,,,,,,,,,,0
XXX-05,,,,,,,,,,,,,,,,,,0
XXX-05,,,,,,,,,,,,,,,,,,0
XXX-05,,,,,,,,,,,,,,,,,,0
XXX-05,,,,,,,,,,,,,,,,,,0
XXX-05,,,,,,,,,,,,,,,,,,0
XXX-05,,,,,,,,,,,,,,,,,,0
XXX-05,,,,,,,,,,,,,,,,,,0
XXX-05,,,,,,,,,,,,,,,,,,0
XXX-05,,,,,,,,,,,,,,,,,,0
XXX-05,,,,,,,,,,,,,,,,,,0
XXX-05,,,,,,,,,,,,,,,,,,0
XXX-05,,,,,,,,,,,,,,,,,,94.67
XXX-05,,,,,,,,,,,,,,,,,,0
XXX-05,,,,,,,,,,,,,,,,,,0
XXX-05,,,,,,,,,,,,,,,,,,0
XXX-05,,,,,,,,,,,,,,,,,,0
XXX-05,,,,,,,,,,,,,,,,,,0
XXX-05,,,,,,,,,,,,,,,,,,0
XXX-05,,,,,,,,,,,,,,,,,,0
XXX-05,,,,,,,,,,,,,,,,,,0
XXX-05,,,,,,,,,,,,,,,,,,0
XXX-05,,,,,,,,,,,,,,,,,,0
XXX-05,,,,,,,,,,,,,,,,,,0
XXX-05,,,,,,,,,,,,,,,,,,0
XXX-05,,,,,,,,,,,,,,,,,,0
XXX-05,,,,,,,,,,,,,,,,,,0
XXX-05,,,,,,,,,,,,,,,,,,119.2
XXX-05,,,,,,,,,,,,,,,,,,0
XXX-05,,,,,,,,,,,,,,,,,,0
XXX-05,,,,,,,,,,,,,,,,,,0
XXX-05,,,,,,,,,,,,,,,,,,0
XXX-05,,,,,,,,,,,,,,,,,,0
XXX-05,,,,,,,,,,,,,,,,,,0
XXX-05,,,,,,,,,,,,,,,,,,0
XXX-05,,,,,,,,,,,,,,,,,,0
XXX-05,,,,,,,,,,,,,,,,,,0
XXX-05,,,,,,,,,,,,,,,,,,0
XXX-05,,,,,,,,,,,,,,,,,,0
XXX-05,,,,,,,,,,,,,,,,,,0
XXX-05,,,,,,,,,,,,,,,,,,0
XXX-05,,,,,,,,,,,,,,,,,,0
XXX-05,,,,,,,,,,,,,,,,,,0
XXX-05,,,,,,,,,,,,,,,,,,0
XXX-05,,,,,,,,,,,,,,,,,,0
XXX-05,,,,,,,,,,,,,,,,,,0
XXX-05,,,,,,,,,,,,,,,,,,0
XXX-05,,,,,,,,,,,,,,,,,,0
XXX-05,,,,,,,,,,,,,,,,,,0
XXX-05,,,,,,,,,,,,,,,,,,0
XXX-05,,,,,,,,,,,,,,,,,,0
XXX-05,,,,,,,,,,,,,,,,,,0
XXX-05,,,,,,,,,,,,,,,,,,250
XXX-05,,,,,,,,,,,,,,,,,,0
XXX-05,,,,,,,,,,,,,,,,,,0
XXX-05,,,,,,,,,,,,,,,,,,0
XXX-05,,,,,,,,,,,,,,,,,,0
XXX-05,,,,,,,,,,,,,,,,,,0
XXX-05,,,,,,,,,,,,,,,,,,0
XXX-05,,,,,,,,,,,,,,,,,,0
XXX-05,,,,,,,,,,,,,,,,,,0
XXX-05,,,,,,,,,,,,,,,,,,0
XXX-05,,,,,,,,,,,,,,,,,,0
XXX-05,,,,,,,,,,,,,,,,,,0
XXX-05,,,,,,,,,,,,,,,,,,0
XXX-05,,,,,,,,,,,,,,,,,,0
XXX-05,,,,,,,,,,,,,,,,,,0
XXX-05,,,,,,,,,,,,,,,,,,0
XXX-05,,,,,,,,,,,,,,,,,,0
XXX-05,,,,,,,,,,,,,,,,,,0
XXX-05,,,,,,,,,,,,,,,,,,0
XXX-05,,,,,,,,,,,,,,,,,,0
XXX-05,,,,,,,,,,,,,,,,,,0
XXX-05,,,,,,,,,,,,,,,,,,0
XXX-05,,,,,,,,,,,,,,,,,,0
XXX-05,,,,,,,,,,,,,,,,,,0
XXX-05,,,,,,,,,,,,,,,,,,0
XXX-05,,,,,,,,,,,,,,,,,,0
XXX-05,,,,,,,,,,,,,,,,,,0
XXX-05,,,,,,,,,,,,,,,,,,0
XXX-05,,,,,,,,,,,,,,,,,,0
XXX-05,,,,,,,,,,,,,,,,,,0
XXX-05,,,,,,,,,,,,,,,,,,0
XXX-05,,,,,,,,,,,,,,,,,,0
XXX-05,,,,,,,,,,,,,,,,,,0
XXX-05,,,,,,,,,,,,,,,,,,0
XXX-05,,,,,,,,,,,,,,,,,,0
XXX-05,,,,,,,,,,,,,,,,,,0
XXX-05,,,,,,,,,,,,,,,,,,0
XXX-05,,,,,,,,,,,,,,,,,,0
XXX-05,,,,,,,,,,,,,,,,,,0
XXX-05,,,,,,,,,,,,,,,,,,0
XXX-05,,,,,,,,,,,,,,,,,,0
XXX-05,,,,,,,,,,,,,,,,,,0
XXX-05,,,,,,,,,,,,,,,,,,0
XXX-05,,,,,,,,,,,,,,,,,,0
XXX-05,,,,,,,,,,,,,,,,,,0
XXX-05,,,,,,,,,,,,,,,,,,0
XXX-05,,,,,,,,,,,,,,,,,,0
XXX-05,,,,,,,,,,,,,,,,,,0
XXX-05,,,,,,,,,,,,,,,,,,0
XXX-05,,,,,,,,,,,,,,,,,,0
XXX-05,,,,,,,,,,,,,,,,,,200
XXX-05,,,,,,,,,,,,,,,,,,0
XXX-05,,,,,,,,,,,,,,,,,,0
XXX-05,,,,,,,,,,,,,,,,,,0
XXX-05,,,,,,,,,,,,,,,,,,0
XXX-05,,,,,,,,,,,,,,,,,,200
XXX-05,,,,,,,,,,,,,,,,,,0
XXX-05,,,,,,,,,,,,,,,,,,0
XXX-05,,,,,,,,,,,,,,,,,,0
XXX-05,,,,,,,,,,,,,,,,,,0
XXX-05,,,,,,,,,,,,,,,,,,0
XXX-05,,,,,,,,,,,,,,,,,,0
XXX-05,,,,,,,,,,,,,,,,,,0
XXX-05,,,,,,,,,,,,,,,,,,0
XXX-05,,,,,,,,,,,,,,,,,,0
XXX-05,,,,,,,,,,,,,,,,,,0
XXX-05,,,,,,,,,,,,,,,,,,0
XXX-05,,,,,,,,,,,,,,,,,,0
XXX-05,,,,,,,,,,,,,,,,,,0
XXX-05,,,,,,,,,,,,,,,,,,0
XXX-05,,,,,,,,,,,,,,,,,,0
XXX-05,,,,,,,,,,,,,,,,,,200
XXX-05,,,,,,,,,,,,,,,,,,0
XXX-05,,,,,,,,,,,,,,,,,,0
XXX-05,,,,,,,,,,,,,,,,,,0
XXX-05,,,,,,,,,,,,,,,,,,0
XXX-05,,,,,,,,,,,,,,,,,,0
XXX-05,,,,,,,,,,,,,,,,,,0
XXX-05,,,,,,,,,,,,,,,,,,0
XXX-05,,,,,,,,,,,,,,,,,,0
XXX-05,,,,,,,,,,,,,,,,,,0
XXX-05,,,,,,,,,,,,,,,,,,0
XXX-05,,,,,,,,,,,,,,,,,,0
XXX-05,,,,,,,,,,,,,,,,,,0
XXX-05,,,,,,,,,,,,,,,,,,0
XXX-05,,,,,,,,,,,,,,,,,,250
XXX-05,,,,,,,,,,,,,,,,,,0
XXX-05,,,,,,,,,,,,,,,,,,0
XXX-05,,,,,,,,,,,,,,,,,,0
XXX-05,,,,,,,,,,,,,,,,,,0
XXX-05,,,,,,,,,,,,,,,,,,0
XXX-05,,,,,,,,,,,,,,,,,,0
XXX-05,,,,,,,,,,,,,,,,,,0
XXX-05,,,,,,,,,,,,,,,,,,0
XXX-05,,,,,,,,,,,,,,,,,,0
XXX-05,,,,,,,,,,,,,,,,,,0
XXX-05,,,,,,,,,,,,,,,,,,0
XXX-05,,,,,,,,,,,,,,,,,,0
XXX-05,,,,,,,,,,,,,,,,,,0
XXX-05,,,,,,,,,,,,,,,,,,0
XXX-05,,,,,,,,,,,,,,,,,,0
XXX-05,,,,,,,,,,,,,,,,,,0
XXX-05,,,,,,,,,,,,,,,,,,0
XXX-05,,,,,,,,,,,,,,,,,,0
XXX-05,,,,,,,,,,,,,,,,,,0
XXX-05,,,,,,,,,,,,,,,,,,0
XXX-05,,,,,,,,,,,,,,,,,,0
XXX-05,,,,,,,,,,,,,,,,,,0
XXX-05,,,,,,,,,,,,,,,,,,0
XXX-05,,,,,,,,,,,,,,,,,,0
XXX-05,,,,,,,,,,,,,,,,,,0
XXX-05,,,,,,,,,,,,,,,,,,0
XXX-05,,,,,,,,,,,,,,,,,,0
XXX-05,,,,,,,,,,,,,,,,,,0
XXX-05,,,,,,,,,,,,,,,,,,0
XXX-05,,,,,,,,,,,,,,,,,,0
XXX-05,,,,,,,,,,,,,,,,,,0
XXX-05,,,,,,,,,,,,,,,,,,0
XXX-05,,,,,,,,,,,,,,,,,,0
XXX-05,,,,,,,,,,,,,,,,,,0
XXX-05,,,,,,,,,,,,,,,,,,0
XXX-05,,,,,,,,,,,,,,,,,,0
XXX-05,,,,,,,,,,,,,,,,,,0
XXX-05,,,,,,,,,,,,,,,,,,0
XXX-05,,,,,,,,,,,,,,,,,,0
XXX-05,,,,,,,,,,,,,,,,,,0
XXX-05,,,,,,,,,,,,,,,,,,0
XXX-05,,,,,,,,,,,,,,,,,,0
XXX-05,,,,,,,,,,,,,,,,,,0
XXX-05,,,,,,,,,,,,,,,,,,0
XXX-05,,,,,,,,,,,,,,,,,,0
XXX-05,,,,,,,,,,,,,,,,,,0
XXX-05,,,,,,,,,,,,,,,,,,0
XXX-05,,,,,,,,,,,,,,,,,,0
XXX-05,,,,,,,,,,,,,,,,,,0
XXX-05,,,,,,,,,,,,,,,,,,0
XXX-05,,,,,,,,,,,,,,,,,,0
XXX-05,,,,,,,,,,,,,,,,,,0
XXX-05,,,,,,,,,,,,,,,,,,0
XXX-05,,,,,,,,,,,,,,,,,,0
XXX-05,,,,,,,,,,,,,,,,,,0
XXX-05,,,,,,,,,,,,,,,,,,0
XXX-05,,,,,,,,,,,,,,,,,,0
XXX-05,,,,,,,,,,,,,,,,,,0
XXX-05,,,,,,,,,,,,,,,,,,0
XXX-05,,,,,,,,,,,,,,,,,,0
XXX-05,,,,,,,,,,,,,,,,,,0
XXX-05,,,,,,,,,,,,,,,,,,0
XXX-05,,,,,,,,,,,,,,,,,,0
XXX-05,,,,,,,,,,,,,,,,,,0
XXX-05,,,,,,,,,,,,,,,,,,0
XXX-05,,,,,,,,,,,,,,,,,,0
XXX-05,,,,,,,,,,,,,,,,,,0
XXX-05,,,,,,,,,,,,,,,,,,0
XXX-05,,,,,,,,,,,,,,,,,,0
XXX-05,,,,,,,,,,,,,,,,,,0
XXX-05,,,,,,,,,,,,,,,,,,0
XXX-05,,,,,,,,,,,,,,,,,,0
XXX-05,,,,,,,,,,,,,,,,,,0
XXX-05,,,,,,,,,,,,,,,,,,0
XXX-05,,,,,,,,,,,,,,,,,,0
XXX-05,,,,,,,,,,,,,,,,,,0
XXX-05,,,,,,,,,,,,,,,,,,0
XXX-05,,,,,,,,,,,,,,,,,,0
XXX-05,,,,,,,,,,,,,,,,,,0
XXX-05,,,,,,,,,,,,,,,,,,0
XXX-05,,,,,,,,,,,,,,,,,,0
XXX-05,,,,,,,,,,,,,,,,,,0
XXX-05,,,,,,,,,,,,,,,,,,0
XXX-05,,,,,,,,,,,,,,,,,,0
XXX-05,,,,,,,,,,,,,,,,,,0
XXX-05,,,,,,,,,,,,,,,,,,0
XXX-05,,,,,,,,,,,,,,,,,,0
XXX-05,,,,,,,,,,,,,,,,,,0
XXX-05,,,,,,,,,,,,,,,,,,0
XXX-05,,,,,,,,,,,,,,,,,,0
XXX-05,,,,,,,,,,,,,,,,,,0
XXX-05,,,,,,,,,,,,,,,,,,0
XXX-05,,,,,,,,,,,,,,,,,,0
XXX-05,,,,,,,,,,,,,,,,,,0
XXX-05,,,,,,,,,,,,,,,,,,0
XXX-05,,,,,,,,,,,,,,,,,,0
XXX-05,,,,,,,,,,,,,,,,,,0
XXX-05,,,,,,,,,,,,,,,,,,0
XXX-05,,,,,,,,,,,,,,,,,,0
XXX-05,,,,,,,,,,,,,,,,,,200
XXX-05,,,,,,,,,,,,,,,,,,0
XXX-05,,,,,,,,,,,,,,,,,,0
XXX-05,,,,,,,,,,,,,,,,,,0
XXX-05,,,,,,,,,,,,,,,,,,0
XXX-05,,,,,,,,,,,,,,,,,,230
XXX-05,,,,,,,,,,,,,,,,,,0
XXX-05,,,,,,,,,,,,,,,,,,0
XXX-05,,,,,,,,,,,,,,,,,,0
XXX-05,,,,,,,,,,,,,,,,,,0
XXX-05,,,,,,,,,,,,,,,,,,0
XXX-05,,,,,,,,,,,,,,,,,,0
XXX-05,,,,,,,,,,,,,,,,,,0
XXX-05,,,,,,,,,,,,,,,,,,0
XXX-05,,,,,,,,,,,,,,,,,,0
XXX-05,,,,,,,,,,,,,,,,,,250
XXX-05,,,,,,,,,,,,,,,,,,0
XXX-05,,,,,,,,,,,,,,,,,,0
XXX-05,,,,,,,,,,,,,,,,,,0
XXX-05,,,,,,,,,,,,,,,,,,0
XXX-05,,,,,,,,,,,,,,,,,,0
XXX-05,,,,,,,,,,,,,,,,,,0
XXX-05,,,,,,,,,,,,,,,,,,0
XXX-05,,,,,,,,,,,,,,,,,,0
XXX-05,,,,,,,,,,,,,,,,,,0
XXX-05,,,,,,,,,,,,,,,,,,0
XXX-05,,,,,,,,,,,,,,,,,,0
XXX-05,,,,,,,,,,,,,,,,,,0
XXX-05,,,,,,,,,,,,,,,,,,0
XXX-05,,,,,,,,,,,,,,,,,,0
XXX-05,,,,,,,,,,,,,,,,,,0
XXX-05,,,,,,,,,,,,,,,,,,0
XXX-05,,,,,,,,,,,,,,,,,,0
XXX-05,,,,,,,,,,,,,,,,,,0
XXX-05,,,,,,,,,,,,,,,,,,0
XXX-05,,,,,,,,,,,,,,,,,,250
XXX-05,,,,,,,,,,,,,,,,,,0
XXX-05,,,,,,,,,,,,,,,,,,0
XXX-05,,,,,,,,,,,,,,,,,,0
XXX-05,,,,,,,,,,,,,,,,,,0
XXX-05,,,,,,,,,,,,,,,,,,200
XXX-05,,,,,,,,,,,,,,,,,,0
XXX-05,,,,,,,,,,,,,,,,,,0
XXX-05,,,,,,,,,,,,,,,,,,0
XXX-05,,,,,,,,,,,,,,,,,,0
XXX-05,,,,,,,,,,,,,,,,,,0
XXX-05,,,,,,,,,,,,,,,,,,0
XXX-05,,,,,,,,,,,,,,,,,,0
XXX-05,,,,,,,,,,,,,,,,,,0
XXX-05,,,,,,,,,,,,,,,,,,0
XXX-05,,,,,,,,,,,,,,,,,,0
XXX-05,,,,,,,,,,,,,,,,,,0
XXX-05,,,,,,,,,,,,,,,,,,0
XXX-05,,,,,,,,,,,,,,,,,,0
XXX-05,,,,,,,,,,,,,,,,,,0
XXX-05,,,,,,,,,,,,,,,,,,0
XXX-05,,,,,,,,,,,,,,,,,,0
XXX-05,,,,,,,,,,,,,,,,,,0
XXX-05,,,,,,,,,,,,,,,,,,0
XXX-05,,,,,,,,,,,,,,,,,,0
XXX-05,,,,,,,,,,,,,,,,,,0
XXX-05,,,,,,,,,,,,,,,,,,0
XXX-05,,,,,,,,,,,,,,,,,,0
XXX-05,,,,,,,,,,,,,,,,,,0
XXX-05,,,,,,,,,,,,,,,,,,0
XXX-05,,,,,,,,,,,,,,,,,,0
XXX-05,,,,,,,,,,,,,,,,,,0
XXX-05,,,,,,,,,,,,,,,,,,0
XXX-05,,,,,,,,,,,,,,,,,,0
XXX-05,,,,,,,,,,,,,,,,,,400
XXX-05,,,,,,,,,,,,,,,,,,0
XXX-05,,,,,,,,,,,,,,,,,,0
XXX-05,,,,,,,,,,,,,,,,,,0
XXX-05,,,,,,,,,,,,,,,,,,0
XXX-05,,,,,,,,,,,,,,,,,,0
XXX-05,,,,,,,,,,,,,,,,,,0
XXX-05,,,,,,,,,,,,,,,,,,0
XXX-05,,,,,,,,,,,,,,,,,,0
XXX-05,,,,,,,,,,,,,,,,,,0
XXX-05,,,,,,,,,,,,,,,,,,0
XXX-05,,,,,,,,,,,,,,,,,,0
XXX-05,,,,,,,,,,,,,,,,,,0
XXX-05,,,,,,,,,,,,,,,,,,0
XXX-05,,,,,,,,,,,,,,,,,,0
XXX-05,,,,,,,,,,,,,,,,,,0
XXX-05,,,,,,,,,,,,,,,,,,0
XXX-05,,,,,,,,,,,,,,,,,,0
XXX-05,,,,,,,,,,,,,,,,,,0
XXX-05,,,,,,,,,,,,,,,,,,0
XXX-05,,,,,,,,,,,,,,,,,,0
XXX-05,,,,,,,,,,,,,,,,,,0
XXX-05,,,,,,,,,,,,,,,,,,0
XXX-05,,,,,,,,,,,,,,,,,,0
XXX-05,,,,,,,,,,,,,,,,,,0
XXX-05,,,,,,,,,,,,,,,,,,0
XXX-05,,,,,,,,,,,,,,,,,,0
XXX-05,,,,,,,,,,,,,,,,,,0
XXX-05,,,,,,,,,,,,,,,,,,0
XXX-05,,,,,,,,,,,,,,,,,,0
XXX-05,,,,,,,,,,,,,,,,,,0
XXX-05,,,,,,,,,,,,,,,,,,0
XXX-05,,,,,,,,,,,,,,,,,,0
XXX-05,,,,,,,,,,,,,,,,,,0
XXX-05,,,,,,,,,,,,,,,,,,0
XXX-05,,,,,,,,,,,,,,,,,,0
XXX-05,,,,,,,,,,,,,,,,,,0
XXX-05,,,,,,,,,,,,,,,,,,0
XXX-05,,,,,,,,,,,,,,,,,,0
XXX-05,,,,,,,,,,,,,,,,,,0
XXX-05,,,,,,,,,,,,,,,,,,0
XXX-05,,,,,,,,,,,,,,,,,,50
XXX-05,,,,,,,,,,,,,,,,,,0
XXX-05,,,,,,,,,,,,,,,,,,0
XXX-05,,,,,,,,,,,,,,,,,,0
XXX-05,,,,,,,,,,,,,,,,,,0
XXX-05,,,,,,,,,,,,,,,,,,0
XXX-05,,,,,,,,,,,,,,,,,,0
XXX-05,,,,,,,,,,,,,,,,,,0
XXX-05,,,,,,,,,,,,,,,,,,0
XXX-05,,,,,,,,,,,,,,,,,,0
XXX-05,,,,,,,,,,,,,,,,,,0
XXX-05,,,,,,,,,,,,,,,,,,0
XXX-05,,,,,,,,,,,,,,,,,,0
XXX-05,,,,,,,,,,,,,,,,,,0
XXX-05,,,,,,,,,,,,,,,,,,0
XXX-05,,,,,,,,,,,,,,,,,,0
XXX-05,,,,,,,,,,,,,,,,,,0
XXX-05,,,,,,,,,,,,,,,,,,0
XXX-05,,,,,,,,,,,,,,,,,,0
XXX-05,,,,,,,,,,,,,,,,,,0
XXX-05,,,,,,,,,,,,,,,,,,0
XXX-05,,,,,,,,,,,,,,,,,,0
XXX-05,,,,,,,,,,,,,,,,,,0
XXX-05,,,,,,,,,,,,,,,,,,0
XXX-05,,,,,,,,,,,,,,,,,,0
XXX-05,,,,,,,,,,,,,,,,,,0
XXX-05,,,,,,,,,,,,,,,,,,0
XXX-05,,,,,,,,,,,,,,,,,,0
XXX-05,,,,,,,,,,,,,,,,,,0
XXX-05,,,,,,,,,,,,,,,,,,50
XXX-05,,,,,,,,,,,,,,,,,,0
XXX-05,,,,,,,,,,,,,,,,,,0
XXX-05,,,,,,,,,,,,,,,,,,0
XXX-05,,,,,,,,,,,,,,,,,,0
XXX-05,,,,,,,,,,,,,,,,,,0
XXX-05,,,,,,,,,,,,,,,,,,0
XXX-05,,,,,,,,,,,,,,,,,,0
XXX-05,,,,,,,,,,,,,,,,,,0
XXX-05,,,,,,,,,,,,,,,,,,0
XXX-05,,,,,,,,,,,,,,,,,,0
XXX-05,,,,,,,,,,,,,,,,,,0
XXX-05,,,,,,,,,,,,,,,,,,0
XXX-05,,,,,,,,,,,,,,,,,,0
XXX-05,,,,,,,,,,,,,,,,,,0
XXX-05,,,,,,,,,,,,,,,,,,0
XXX-05,,,,,,,,,,,,,,,,,,0
XXX-05,,,,,,,,,,,,,,,,,,0
XXX-05,,,,,,,,,,,,,,,,,,0
XXX-05,,,,,,,,,,,,,,,,,,0
XXX-05,,,,,,,,,,,,,,,,,,0
XXX-05,,,,,,,,,,,,,,,,,,200
XXX-05,,,,,,,,,,,,,,,,,,0
XXX-05,,,,,,,,,,,,,,,,,,0
XXX-05,,,,,,,,,,,,,,,,,,0
XXX-05,,,,,,,,,,,,,,,,,,0
XXX-05,,,,,,,,,,,,,,,,,,0
XXX-05,,,,,,,,,,,,,,,,,,0
XXX-05,,,,,,,,,,,,,,,,,,0
XXX-05,,,,,,,,,,,,,,,,,,0
XXX-05,,,,,,,,,,,,,,,,,,0
XXX-05,,,,,,,,,,,,,,,,,,0
XXX-05,,,,,,,,,,,,,,,,,,0
XXX-05,,,,,,,,,,,,,,,,,,0
XXX-05,,,,,,,,,,,,,,,,,,0
XXX-05,,,,,,,,,,,,,,,,,,0
XXX-05,,,,,,,,,,,,,,,,,,0
XXX-05,,,,,,,,,,,,,,,,,,0
XXX-05,,,,,,,,,,,,,,,,,,0
XXX-05,,,,,,,,,,,,,,,,,,0
XXX-05,,,,,,,,,,,,,,,,,,0
XXX-05,,,,,,,,,,,,,,,,,,0
XXX-05,,,,,,,,,,,,,,,,,,0
XXX-05,,,,,,,,,,,,,,,,,,0
XXX-05,,,,,,,,,,,,,,,,,,0
XXX-05,,,,,,,,,,,,,,,,,,0
XXX-05,,,,,,,,,,,,,,,,,,0
XXX-05,,,,,,,,,,,,,,,,,,50
XXX-05,,,,,,,,,,,,,,,,,,0
XXX-05,,,,,,,,,,,,,,,,,,0
XXX-05,,,,,,,,,,,,,,,,,,0
XXX-05,,,,,,,,,,,,,,,,,,0
XXX-05,,,,,,,,,,,,,,,,,,150
XXX-05,,,,,,,,,,,,,,,,,,0
XXX-05,,,,,,,,,,,,,,,,,,0
XXX-05,,,,,,,,,,,,,,,,,,0
XXX-05,,,,,,,,,,,,,,,,,,0
XXX-05,,,,,,,,,,,,,,,,,,60
XXX-05,,,,,,,,,,,,,,,,,,0
XXX-05,,,,,,,,,,,,,,,,,,0
XXX-05,,,,,,,,,,,,,,,,,,0
XXX-05,,,,,,,,,,,,,,,,,,130
XXX-05,,,,,,,,,,,,,,,,,,0
XXX-05,,,,,,,,,,,,,,,,,,0
XXX-05,,,,,,,,,,,,,,,,,,0
XXX-05,,,,,,,,,,,,,,,,,,0
XXX-05,,,,,,,,,,,,,,,,,,0
XXX-05,,,,,,,,,,,,,,,,,,0
XXX-05,,,,,,,,,,,,,,,,,,0
XXX-05,,,,,,,,,,,,,,,,,,0
XXX-05,,,,,,,,,,,,,,,,,,0
XXX-05,,,,,,,,,,,,,,,,,,0
XXX-05,,,,,,,,,,,,,,,,,,0
XXX-05,,,,,,,,,,,,,,,,,,0
XXX-05,,,,,,,,,,,,,,,,,,0
XXX-05,,,,,,,,,,,,,,,,,,0
XXX-05,,,,,,,,,,,,,,,,,,0
XXX-05,,,,,,,,,,,,,,,,,,0
XXX-05,,,,,,,,,,,,,,,,,,0
XXX-05,,,,,,,,,,,,,,,,,,0
XXX-05,,,,,,,,,,,,,,,,,,0
XXX-05,,,,,,,,,,,,,,,,,,0
XXX-05,,,,,,,,,,,,,,,,,,0
XXX-05,,,,,,,,,,,,,,,,,,0
XXX-05,,,,,,,,,,,,,,,,,,0
XXX-05,,,,,,,,,,,,,,,,,,0
XXX-05,,,,,,,,,,,,,,,,,,0
XXX-05,,,,,,,,,,,,,,,,,,30
XXX-05,,,,,,,,,,,,,,,,,,0
XXX-05,,,,,,,,,,,,,,,,,,0
XXX-05,,,,,,,,,,,,,,,,,,0
XXX-05,,,,,,,,,,,,,,,,,,0
XXX-05,,,,,,,,,,,,,,,,,,0
XXX-05,,,,,,,,,,,,,,,,,,0
XXX-05,,,,,,,,,,,,,,,,,,0
XXX-05,,,,,,,,,,,,,,,,,,0
XXX-05,,,,,,,,,,,,,,,,,,0
XXX-05,,,,,,,,,,,,,,,,,,0
XXX-05,,,,,,,,,,,,,,,,,,0
XXX-05,,,,,,,,,,,,,,,,,,0
XXX-05,,,,,,,,,,,,,,,,,,0
XXX-05,,,,,,,,,,,,,,,,,,210
XXX-05,,,,,,,,,,,,,,,,,,0
XXX-05,,,,,,,,,,,,,,,,,,0
XXX-05,,,,,,,,,,,,,,,,,,0
XXX-05,,,,,,,,,,,,,,,,,,0
XXX-05,,,,,,,,,,,,,,,,,,0
XXX-05,,,,,,,,,,,,,,,,,,0
XXX-05,,,,,,,,,,,,,,,,,,0
XXX-05,,,,,,,,,,,,,,,,,,0
XXX-05,,,,,,,,,,,,,,,,,,100
XXX-05,,,,,,,,,,,,,,,,,,0
XXX-05,,,,,,,,,,,,,,,,,,0
XXX-05,,,,,,,,,,,,,,,,,,0
XXX-05,,,,,,,,,,,,,,,,,,0
XXX-05,,,,,,,,,,,,,,,,,,340
XXX-05,,,,,,,,,,,,,,,,,,0
XXX-05,,,,,,,,,,,,,,,,,,0
XXX-05,,,,,,,,,,,,,,,,,,0
XXX-05,,,,,,,,,,,,,,,,,,0
XXX-05,,,,,,,,,,,,,,,,,,0
XXX-05,,,,,,,,,,,,,,,,,,0
XXX-05,,,,,,,,,,,,,,,,,,0
XXX-05,,,,,,,,,,,,,,,,,,0
XXX-05,,,,,,,,,,,,,,,,,,0
XXX-05,,,,,,,,,,,,,,,,,,0
XXX-05,,,,,,,,,,,,,,,,,,0
XXX-05,,,,,,,,,,,,,,,,,,0
XXX-05,,,,,,,,,,,,,,,,,,0
XXX-05,,,,,,,,,,,,,,,,,,0
XXX-05,,,,,,,,,,,,,,,,,,0
XXX-05,,,,,,,,,,,,,,,,,,0
XXX-05,,,,,,,,,,,,,,,,,,0
XXX-05,,,,,,,,,,,,,,,,,,0
XXX-05,,,,,,,,,,,,,,,,,,0
XXX-05,,,,,,,,,,,,,,,,,,0
XXX-05,,,,,,,,,,,,,,,,,,230
XXX-05,,,,,,,,,,,,,,,,,,0
XXX-05,,,,,,,,,,,,,,,,,,0
XXX-05,,,,,,,,,,,,,,,,,,0
XXX-05,,,,,,,,,,,,,,,,,,0
XXX-05,,,,,,,,,,,,,,,,,,0
XXX-05,,,,,,,,,,,,,,,,,,0
XXX-05,,,,,,,,,,,,,,,,,,0
XXX-05,,,,,,,,,,,,,,,,,,0
XXX-05,,,,,,,,,,,,,,,,,,0
XXX-05,,,,,,,,,,,,,,,,,,0
XXX-05,,,,,,,,,,,,,,,,,,0
XXX-05,,,,,,,,,,,,,,,,,,0
XXX-05,,,,,,,,,,,,,,,,,,0
XXX-05,,,,,,,,,,,,,,,,,,0
XXX-05,,,,,,,,,,,,,,,,,,0
XXX-05,,,,,,,,,,,,,,,,,,0
XXX-05,,,,,,,,,,,,,,,,,,0
XXX-05,,,,,,,,,,,,,,,,,,0
XXX-05,,,,,,,,,,,,,,,,,,0
XXX-05,,,,,,,,,,,,,,,,,,0
XXX-05,,,,,,,,,,,,,,,,,,0
XXX-05,,,,,,,,,,,,,,,,,,0
XXX-05,,,,,,,,,,,,,,,,,,0
XXX-05,,,,,,,,,,,,,,,,,,0
XXX-05,,,,,,,,,,,,,,,,,,0
XXX-05,,,,,,,,,,,,,,,,,,0
XXX-05,,,,,,,,,,,,,,,,,,0
XXX-05,,,,,,,,,,,,,,,,,,0
XXX-05,,,,,,,,,,,,,,,,,,0
XXX-05,,,,,,,,,,,,,,,,,,0
XXX-05,,,,,,,,,,,,,,,,,,0
XXX-05,,,,,,,,,,,,,,,,,,0
XXX-05,,,,,,,,,,,,,,,,,,0
XXX-05,,,,,,,,,,,,,,,,,,0
XXX-05,,,,,,,,,,,,,,,,,,240
XXX-05,,,,,,,,,,,,,,,,,,0
XXX-05,,,,,,,,,,,,,,,,,,0
XXX-05,,,,,,,,,,,,,,,,,,0
XXX-05,,,,,,,,,,,,,,,,,,0
XXX-05,,,,,,,,,,,,,,,,,,0
XXX-05,,,,,,,,,,,,,,,,,,0
XXX-05,,,,,,,,,,,,,,,,,,0
XXX-05,,,,,,,,,,,,,,,,,,0
XXX-05,,,,,,,,,,,,,,,,,,0
XXX-05,,,,,,,,,,,,,,,,,,280
XXX-05,,,,,,,,,,,,,,,,,,0
XXX-05,,,,,,,,,,,,,,,,,,0
XXX-05,,,,,,,,,,,,,,,,,,0
XXX-05,,,,,,,,,,,,,,,,,,0
XXX-05,,,,,,,,,,,,,,,,,,0
XXX-05,,,,,,,,,,,,,,,,,,0
XXX-05,,,,,,,,,,,,,,,,,,0
XXX-05,,,,,,,,,,,,,,,,,,0
XXX-05,,,,,,,,,,,,,,,,,,0
XXX-05,,,,,,,,,,,,,,,,,,0
XXX-05,,,,,,,,,,,,,,,,,,0
XXX-05,,,,,,,,,,,,,,,,,,0
XXX-05,,,,,,,,,,,,,,,,,,0
XXX-05,,,,,,,,,,,,,,,,,,0
XXX-05,,,,,,,,,,,,,,,,,,0
XXX-05,,,,,,,,,,,,,,,,,,0
XXX-05,,,,,,,,,,,,,,,,,,0
XXX-05,,,,,,,,,,,,,,,,,,0
XXX-05,,,,,,,,,,,,,,,,,,0
XXX-05,,,,,,,,,,,,,,,,,,0
XXX-05,,,,,,,,,,,,,,,,,,0
XXX-05,,,,,,,,,,,,,,,,,,0
XXX-05,,,,,,,,,,,,,,,,,,0
XXX-05,,,,,,,,,,,,,,,,,,0
XXX-05,,,,,,,,,,,,,,,,,,0
XXX-05,,,,,,,,,,,,,,,,,,0
XXX-05,,,,,,,,,,,,,,,,,,0
XXX-05,,,,,,,,,,,,,,,,,,0
XXX-05,,,,,,,,,,,,,,,,,,0
XXX-05,,,,,,,,,,,,,,,,,,0
XXX-05,,,,,,,,,,,,,,,,,,0
XXX-05,,,,,,,,,,,,,,,,,,0
XXX-05,,,,,,,,,,,,,,,,,,0
XXX-05,,,,,,,,,,,,,,,,,,0
XXX-05,,,,,,,,,,,,,,,,,,0
XXX-05,,,,,,,,,,,,,,,,,,0
XXX-05,,,,,,,,,,,,,,,,,,0
XXX-05,,,,,,,,,,,,,,,,,,0
XXX-05,,,,,,,,,,,,,,,,,,0
XXX-05,,,,,,,,,,,,,,,,,,200
XXX-05,,,,,,,,,,,,,,,,,,0
XXX-05,,,,,,,,,,,,,,,,,,0
XXX-05,,,,,,,,,,,,,,,,,,0
XXX-05,,,,,,,,,,,,,,,,,,0
XXX-05,,,,,,,,,,,,,,,,,,0
XXX-05,,,,,,,,,,,,,,,,,,220
XXX-05,,,,,,,,,,,,,,,,,,0
XXX-05,,,,,,,,,,,,,,,,,,0
XXX-05,,,,,,,,,,,,,,,,,,0
XXX-05,,,,,,,,,,,,,,,,,,0
XXX-05,,,,,,,,,,,,,,,,,,0
XXX-05,,,,,,,,,,,,,,,,,,0
XXX-05,,,,,,,,,,,,,,,,,,0
XXX-05,,,,,,,,,,,,,,,,,,0
XXX-05,,,,,,,,,,,,,,,,,,0
XXX-05,,,,,,,,,,,,,,,,,,0
XXX-05,,,,,,,,,,,,,,,,,,0
XXX-05,,,,,,,,,,,,,,,,,,0
XXX-05,,,,,,,,,,,,,,,,,,0
XXX-05,,,,,,,,,,,,,,,,,,0
XXX-05,,,,,,,,,,,,,,,,,,0
XXX-05,,,,,,,,,,,,,,,,,,0
XXX-05,,,,,,,,,,,,,,,,,,0
XXX-05,,,,,,,,,,,,,,,,,,0
XXX-05,,,,,,,,,,,,,,,,,,0
XXX-05,,,,,,,,,,,,,,,,,,0
XXX-05,,,,,,,,,,,,,,,,,,0
XXX-05,,,,,,,,,,,,,,,,,,0
XXX-05,,,,,,,,,,,,,,,,,,0
XXX-05,,,,,,,,,,,,,,,,,,0
XXX-05,,,,,,,,,,,,,,,,,,0
XXX-05,,,,,,,,,,,,,,,,,,0
XXX-05,,,,,,,,,,,,,,,,,,0
XXX-05,,,,,,,,,,,,,,,,,,0
XXX-05,,,,,,,,,,,,,,,,,,0
XXX-05,,,,,,,,,,,,,,,,,,0
XXX-05,,,,,,,,,,,,,,,,,,0
XXX-05,,,,,,,,,,,,,,,,,,0
XXX-05,,,,,,,,,,,,,,,,,,0
XXX-05,,,,,,,,,,,,,,,,,,160
XXX-05,,,,,,,,,,,,,,,,,,0
XXX-05,,,,,,,,,,,,,,,,,,0
XXX-05,,,,,,,,,,,,,,,,,,0
XXX-05,,,,,,,,,,,,,,,,,,0
XXX-05,,,,,,,,,,,,,,,,,,0
XXX-05,,,,,,,,,,,,,,,,,,0
XXX-05,,,,,,,,,,,,,,,,,,0
XXX-05,,,,,,,,,,,,,,,,,,0
XXX-05,,,,,,,,,,,,,,,,,,0
XXX-05,,,,,,,,,,,,,,,,,,0
XXX-05,,,,,,,,,,,,,,,,,,0
XXX-05,,,,,,,,,,,,,,,,,,0
XXX-05,,,,,,,,,,,,,,,,,,0
XXX-05,,,,,,,,,,,,,,,,,,0
XXX-05,,,,,,,,,,,,,,,,,,0
XXX-05,,,,,,,,,,,,,,,,,,0
XXX-05,,,,,,,,,,,,,,,,,,0
XXX-05,,,,,,,,,,,,,,,,,,0
XXX-05,,,,,,,,,,,,,,,,,,0
XXX-05,,,,,,,,,,,,,,,,,,0
XXX-05,,,,,,,,,,,,,,,,,,0
